,Age,Attrition,BusinessTravel,Department,DistanceFromHome,Education,EducationField,Gender,JobLevel,JobRole,MaritalStatus,MonthlyIncome,NumCompaniesWorked,PercentSalaryHike,StockOptionLevel,TotalWorkingYears,TrainingTimesLastYear,YearsAtCompany,YearsSinceLastPromotion,EnvironmentSatisfaction,JobSatisfaction,WorkLifeBalance,JobInvolvement
0,51,No,Travel_Rarely,Sales,6,2,Life Sciences,Female,1,Healthcare Representative,Married,131160,1.0,11,0,1.0,6,1,0,3.0,4.0,2.0,3
1,31,Yes,Travel_Frequently,Research & Development,10,1,Life Sciences,Female,1,Research Scientist,Single,41890,0.0,23,1,6.0,3,5,1,3.0,2.0,4.0,2
2,32,No,Travel_Frequently,Research & Development,17,4,Other,Male,4,Sales Executive,Married,193280,1.0,15,3,5.0,2,5,0,2.0,2.0,1.0,3
3,38,No,Non-Travel,Research & Development,2,5,Life Sciences,Male,3,Human Resources,Married,83210,3.0,11,3,13.0,5,8,7,4.0,4.0,3.0,2
4,32,No,Travel_Rarely,Research & Development,10,1,Medical,Male,1,Sales Executive,Single,23420,4.0,12,2,9.0,2,6,0,4.0,1.0,3.0,3
5,46,No,Travel_Rarely,Research & Development,8,3,Life Sciences,Female,4,Research Director,Married,40710,3.0,13,0,28.0,5,7,7,3.0,2.0,2.0,3
6,28,Yes,Travel_Rarely,Research & Development,11,2,Medical,Male,2,Sales Executive,Single,58130,2.0,20,1,5.0,2,0,0,1.0,3.0,1.0,3
7,29,No,Travel_Rarely,Research & Development,18,3,Life Sciences,Male,2,Sales Executive,Married,31430,2.0,22,3,10.0,2,0,0,1.0,2.0,3.0,3
8,31,No,Travel_Rarely,Research & Development,1,3,Life Sciences,Male,3,Laboratory Technician,Married,20440,0.0,21,0,10.0,2,9,7,2.0,4.0,3.0,3
9,25,No,Non-Travel,Research & Development,7,4,Medical,Female,4,Laboratory Technician,Divorced,134640,1.0,13,1,6.0,2,6,1,2.0,1.0,3.0,3
10,45,No,Travel_Rarely,Research & Development,17,2,Medical,Male,2,Laboratory Technician,Married,79910,0.0,13,2,21.0,2,20,4,3.0,4.0,3.0,2
11,36,No,Travel_Rarely,Research & Development,28,1,Life Sciences,Male,1,Laboratory Technician,Married,33770,0.0,12,2,16.0,2,15,10,2.8,4.0,3.0,3
12,55,No,Travel_Rarely,Research & Development,14,4,Life Sciences,Female,1,Sales Executive,Single,55380,0.0,17,0,37.0,2,36,4,4.0,1.0,3.0,3
13,47,Yes,Non-Travel,Research & Development,1,1,Medical,Male,1,Research Scientist,Married,57620,1.0,11,2,10.0,4,10,9,1.0,2.0,2.0,2
14,28,No,Travel_Rarely,Research & Development,1,3,Life Sciences,Male,1,Manufacturing Director,Married,25920,1.0,14,0,5.0,2,5,0,4.0,4.0,2.0,3
15,37,No,Travel_Rarely,Research & Development,1,3,Life Sciences,Male,2,Healthcare Representative,Married,53460,4.0,11,0,7.0,2,5,0,3.0,4.0,4.0,3
16,21,No,Travel_Rarely,Research & Development,3,2,Life Sciences,Male,1,Laboratory Technician,Single,42130,1.0,12,3,3.0,3,3,1,4.0,3.0,4.0,2
17,37,No,Non-Travel,Research & Development,1,3,Medical,Male,2,Sales Executive,Divorced,41270,2.0,13,1,15.0,2,5,0,1.0,4.0,3.0,3
18,35,No,Travel_Rarely,Sales,7,4,Life Sciences,Male,1,Sales Representative,Divorced,24380,7.0,16,0,10.0,5,7,6,2.0,2.0,2.0,2
19,38,No,Travel_Rarely,Research & Development,8,3,Life Sciences,Female,1,Manager,Divorced,68700,1.0,11,1,8.0,5,8,7,1.0,1.0,3.0,3
20,26,No,Travel_Frequently,Research & Development,1,4,Other,Male,2,Laboratory Technician,Divorced,104470,1.0,18,0,6.0,3,6,1,3.0,2.0,1.0,3
21,50,No,Travel_Rarely,Sales,8,4,Life Sciences,Male,1,Research Scientist,Divorced,96670,3.0,23,0,28.0,2,10,1,1.0,2.0,2.0,2
22,53,No,Travel_Rarely,Research & Development,11,4,Life Sciences,Female,2,Research Scientist,Married,21480,3.0,11,0,21.0,2,5,1,3.0,3.0,2.0,3
23,42,No,Travel_Rarely,Research & Development,4,4,Life Sciences,Male,1,Manufacturing Director,Married,89260,1.0,14,0,11.0,4,20,11,2.0,3.0,3.0,1
24,29,No,Travel_Frequently,Research & Development,16,4,Medical,Male,1,Laboratory Technician,Single,65130,1.0,11,1,10.0,2,10,0,2.0,4.0,2.0,3
25,55,No,Travel_Rarely,Research & Development,1,4,Other,Female,1,Research Scientist,Married,67990,3.0,11,0,12.0,2,10,0,2.0,4.0,3.0,3
26,26,No,Travel_Frequently,Research & Development,9,3,Life Sciences,Female,1,Manager,Married,162910,1.0,22,0,5.0,3,5,3,1.0,1.0,3.0,3
27,37,No,Travel_Rarely,Sales,5,1,Marketing,Male,1,Research Scientist,Single,27050,1.0,11,0,17.0,2,17,5,4.0,4.0,3.0,3
28,44,Yes,Travel_Frequently,Research & Development,1,2,Medical,Male,2,Research Scientist,Divorced,103330,3.0,14,1,19.0,2,1,0,4.0,3.0,1.0,2
29,38,No,Travel_Rarely,Sales,2,3,Marketing,Female,1,Manager,Divorced,44480,9.0,12,0,10.0,3,2,1,4.0,4.0,3.0,2
30,26,Yes,Travel_Rarely,Research & Development,4,3,Medical,Male,3,Research Scientist,Divorced,68540,2.0,11,0,5.0,5,3,0,1.0,2.0,3.0,2
31,28,No,Travel_Rarely,Research & Development,7,3,Other,Male,1,Human Resources,Single,96370,1.0,13,0,5.0,6,5,0,4.0,4.0,3.0,2
32,49,No,Travel_Frequently,Research & Development,1,1,Medical,Female,2,Research Scientist,Single,35910,9.0,13,0,22.0,2,3,1,3.0,1.0,3.0,3
33,36,No,Travel_Rarely,Sales,5,3,Technical Degree,Male,3,Sales Executive,Single,54050,4.0,14,0,10.0,2,8,7,3.0,2.0,3.0,3
34,31,No,Travel_Frequently,Research & Development,9,4,Medical,Male,1,Sales Executive,Divorced,46840,1.0,16,1,2.0,4,2,2,4.0,2.0,2.0,3
35,26,Yes,Travel_Rarely,Research & Development,8,3,Medical,Male,2,Manager,Single,157870,1.0,12,2,8.0,5,8,7,4.0,4.0,3.0,3
36,37,No,Travel_Frequently,Sales,9,1,Marketing,Male,1,Laboratory Technician,Married,15140,1.0,14,0,4.0,3,4,1,2.0,4.0,2.0,3
37,42,No,Travel_Frequently,Sales,2,2,Marketing,Male,3,Research Director,Married,29560,5.0,13,0,23.0,2,20,4,3.0,2.0,4.0,3
38,18,Yes,Travel_Rarely,Research & Development,1,4,Life Sciences,Male,1,Sales Executive,Single,23350,1.0,14,2,0.0,3,0,0,3.0,3.0,3.0,2
39,35,No,Travel_Rarely,Sales,20,2,Life Sciences,Male,1,Laboratory Technician,Married,51540,0.0,19,0,12.0,2,11,6,3.0,2.0,2.0,2
40,36,No,Travel_Frequently,Research & Development,8,3,Other,Female,3,Sales Executive,Married,69620,4.0,12,2,4.0,2,1,0,3.0,2.6,3.0,2
41,51,No,Travel_Rarely,Research & Development,2,3,Life Sciences,Male,2,Laboratory Technician,Divorced,56750,5.0,13,0,13.0,2,4,1,4.0,2.0,3.0,2
42,41,No,Travel_Rarely,Research & Development,29,1,Life Sciences,Male,1,Laboratory Technician,Single,23790,1.0,12,0,22.0,6,22,0,4.0,2.0,3.0,3
43,18,No,Travel_Rarely,Sales,7,3,Life Sciences,Male,1,Research Scientist,Single,38120,1.0,15,0,0.0,3,0,0,4.0,3.0,3.0,3
44,28,No,Travel_Rarely,Research & Development,9,3,Medical,Male,1,Sales Representative,Single,46480,0.0,23,2,9.0,2,8,0,2.0,1.0,3.0,2
45,31,No,Travel_Rarely,Research & Development,8,1,Technical Degree,Male,1,Manufacturing Director,Married,29360,4.0,12,1,10.0,2,8,7,2.0,4.0,2.0,3
46,39,No,Travel_Rarely,Sales,5,4,Marketing,Female,2,Human Resources,Divorced,21050,0.0,20,0,19.0,3,18,3,3.0,4.0,2.0,3
47,36,No,Non-Travel,Research & Development,5,4,Life Sciences,Male,1,Sales Executive,Married,85780,7.0,21,0,11.0,4,9,0,2.0,2.0,3.0,3
48,32,No,Travel_Rarely,Sales,2,3,Marketing,Male,2,Laboratory Technician,Married,27060,1.0,21,1,13.0,4,13,4,4.0,3.0,2.0,3
49,38,No,Travel_Rarely,Research & Development,5,2,Life Sciences,Female,3,Research Scientist,Married,63840,3.0,19,2,19.0,4,10,0,1.0,2.0,3.0,2
50,58,No,Non-Travel,Research & Development,2,3,Life Sciences,Male,2,Manufacturing Director,Divorced,39680,2.0,13,2,12.0,3,5,1,4.0,3.0,3.0,2
51,31,No,Travel_Rarely,Research & Development,20,1,Technical Degree,Female,3,Research Scientist,Married,99070,0.0,13,1,6.0,3,5,0,3.0,4.0,3.0,2
52,31,No,Travel_Rarely,Sales,7,4,Marketing,Male,2,Sales Executive,Married,132250,3.0,21,1,9.0,2,2,1,1.0,1.0,3.0,3
53,45,No,Travel_Frequently,Research & Development,3,1,Medical,Female,1,Sales Executive,Divorced,35400,1.0,13,0,24.0,6,24,9,1.0,1.0,3.0,3
54,31,No,Travel_Rarely,Sales,16,4,Marketing,Female,2,Research Scientist,Divorced,28040,0.0,19,2,3.0,0,2,2,3.0,4.0,1.0,3
55,33,No,Travel_Frequently,Research & Development,9,3,Life Sciences,Male,4,Research Director,Married,193920,6.0,12,1,12.0,3,10,8,4.0,2.0,3.0,3
56,39,No,Travel_Rarely,Sales,1,4,Life Sciences,Male,1,Sales Executive,Married,196650,1.0,22,1,21.0,6,21,11,3.0,1.0,3.0,3
57,43,No,Travel_Frequently,Research & Development,7,4,Medical,Male,4,Research Scientist,Single,24390,0.0,15,0,9.0,2,8,1,3.0,4.0,3.0,3
58,49,No,Travel_Rarely,Research & Development,1,3,Life Sciences,Male,3,Manufacturing Director,Single,73140,7.0,22,0,25.0,2,7,0,3.0,3.0,3.0,3
59,52,Yes,Travel_Rarely,Research & Development,7,1,Life Sciences,Female,2,Research Scientist,Married,47740,2.0,18,1,11.0,2,8,7,3.0,2.0,2.0,3
60,27,No,Travel_Rarely,Research & Development,15,4,Medical,Male,3,Research Scientist,Single,39020,1.0,22,0,4.0,2,4,1,3.0,2.0,2.0,3
61,32,No,Travel_Rarely,Research & Development,1,3,Life Sciences,Male,3,Research Scientist,Married,26620,1.0,11,1,13.0,6,13,11,3.0,2.0,3.0,4
62,27,No,Travel_Rarely,Research & Development,13,2,Medical,Female,4,Research Director,Single,28560,1.0,12,2,5.0,5,5,0,4.0,3.0,3.0,4
63,31,No,Travel_Rarely,Sales,24,3,Life Sciences,Male,2,Healthcare Representative,Divorced,10810,4.0,11,3,13.0,4,7,1,4.0,4.0,3.0,4
64,32,No,Travel_Rarely,Research & Development,7,3,Technical Degree,Male,2,Healthcare Representative,Single,24720,7.0,13,0,10.0,2,7,0,1.0,4.0,2.0,3
65,28,Yes,Travel_Rarely,Research & Development,9,4,Medical,Male,1,Sales Executive,Married,56730,5.0,14,1,5.0,4,3,2,1.0,4.0,2.0,2
66,30,No,Travel_Rarely,Research & Development,13,3,Life Sciences,Female,4,Research Director,Married,41970,1.0,13,0,11.0,3,10,1,4.0,4.0,3.0,3
67,31,No,Travel_Frequently,Research & Development,2,1,Life Sciences,Female,1,Manager,Married,97130,1.0,17,0,10.0,5,10,8,3.0,3.0,3.0,2
68,39,No,Travel_Frequently,Research & Development,19,4,Medical,Female,1,Research Scientist,Married,20620,1.0,13,0,21.0,4,21,13,3.0,4.0,3.0,3
69,39,Yes,Travel_Rarely,Research & Development,1,1,Medical,Female,1,Laboratory Technician,Married,42840,4.0,17,1,12.0,0,1,0,4.0,3.0,2.0,3
70,33,No,Travel_Frequently,Sales,4,2,Life Sciences,Male,4,Research Scientist,Single,47880,3.0,11,1,9.0,0,7,0,2.0,4.0,2.0,3
71,47,No,Travel_Rarely,Research & Development,4,3,Life Sciences,Female,2,Healthcare Representative,Married,59060,4.0,23,0,21.0,4,3,1,4.0,3.0,3.0,4
72,43,No,Travel_Frequently,Research & Development,14,3,Medical,Female,5,Research Director,Divorced,38860,1.0,17,2,9.0,2,9,0,3.0,3.0,4.0,3
73,27,No,Non-Travel,Research & Development,2,3,Life Sciences,Male,1,Research Director,Married,168230,0.0,17,0,6.0,3,5,1,3.0,2.0,3.0,3
74,54,No,Travel_Frequently,Research & Development,1,4,Life Sciences,Male,2,Research Scientist,Single,29330,3.0,12,2,20.0,2,4,0,4.0,3.0,2.0,3
75,43,No,Travel_Rarely,Research & Development,7,2,Life Sciences,Female,2,Manager,Married,65000,8.0,23,0,10.0,3,1,0,3.0,1.0,2.0,3
76,45,No,Travel_Rarely,Sales,3,1,Marketing,Female,1,Sales Executive,Married,171740,9.0,14,1,12.0,6,10,9,4.0,4.0,3.0,3
77,40,No,Travel_Rarely,Research & Development,2,4,Other,Male,4,Research Scientist,Married,50330,2.0,14,2,6.0,6,4,0,2.0,4.0,2.0,3
78,29,Yes,Travel_Rarely,Research & Development,29,3,Medical,Female,1,Research Scientist,Married,23070,1.0,13,1,7.0,0,7,0,2.0,1.0,2.0,3
79,29,No,Travel_Rarely,Human Resources,8,3,Medical,Male,3,Sales Representative,Single,25870,0.0,22,2,4.0,3,3,2,2.0,4.0,3.0,3
80,30,No,Travel_Rarely,Research & Development,10,3,Life Sciences,Male,2,Research Scientist,Divorced,55070,1.0,12,2,10.0,2,10,1,4.0,3.0,3.0,2
81,27,No,Travel_Rarely,Research & Development,11,2,Medical,Male,1,Manager,Married,43930,1.0,18,1,8.0,2,8,0,2.0,2.0,3.0,2
82,37,No,Travel_Rarely,Sales,1,4,Life Sciences,Male,2,Healthcare Representative,Divorced,133480,7.0,14,0,8.0,4,6,0,4.0,4.0,2.0,3
83,38,No,Travel_Rarely,Research & Development,28,4,Medical,Male,1,Laboratory Technician,Divorced,65830,0.0,12,0,12.0,1,11,2,3.0,4.0,3.0,3
84,31,No,Travel_Rarely,Research & Development,6,3,Medical,Female,3,Manager,Single,81030,1.0,15,1,11.0,5,11,4,3.0,4.0,2.8,3
85,29,No,Travel_Rarely,Research & Development,3,4,Life Sciences,Male,3,Sales Executive,Divorced,39780,1.0,11,0,7.0,0,7,1,4.0,2.0,3.0,3
86,35,No,Travel_Rarely,Sales,16,2,Technical Degree,Male,3,Manager,Single,25440,0.0,13,1,17.0,3,16,0,3.0,2.0,3.0,4
87,23,No,Travel_Rarely,Research & Development,20,4,Life Sciences,Male,1,Manufacturing Director,Divorced,53990,1.0,23,0,4.0,2,4,0,3.0,4.0,2.0,2
88,41,No,Travel_Rarely,Research & Development,9,2,Life Sciences,Female,1,Laboratory Technician,Single,54870,6.0,19,2,8.0,0,5,1,4.0,2.0,3.0,3
89,47,No,Travel_Frequently,Sales,1,3,Medical,Female,2,Laboratory Technician,Single,68340,3.0,16,1,5.0,2,0,0,2.0,3.0,3.0,4
90,42,No,Travel_Rarely,Research & Development,3,4,Life Sciences,Male,1,Manager,Single,10910,2.0,22,0,16.0,0,1,0,1.0,4.0,3.0,1
91,29,No,Non-Travel,Sales,22,4,Marketing,Male,2,Human Resources,Married,57360,1.0,22,0,4.0,1,4,0,4.0,3.0,2.0,2
92,42,No,Travel_Rarely,Sales,7,4,Medical,Male,3,Research Scientist,Divorced,22260,0.0,12,1,4.0,3,3,1,3.0,3.0,3.0,2
93,32,No,Travel_Rarely,Research & Development,2,3,Medical,Male,2,Research Scientist,Married,57470,1.0,13,0,8.0,0,8,0,3.0,2.0,3.0,3
94,48,No,Travel_Rarely,Sales,13,4,Medical,Male,4,Sales Executive,Married,98540,3.0,16,1,15.0,2,0,0,1.0,3.0,1.0,2
95,37,No,Travel_Rarely,Research & Development,8,5,Technical Degree,Male,2,Manufacturing Director,Divorced,54670,4.0,12,0,13.0,2,7,6,3.0,1.0,3.0,3
96,30,No,Non-Travel,Sales,25,4,Other,Male,1,Healthcare Representative,Married,53800,7.0,21,1,4.0,0,2,2,4.0,3.0,4.0,3
97,26,No,Travel_Rarely,Sales,28,3,Medical,Female,5,Laboratory Technician,Married,51510,1.0,15,3,8.0,3,8,7,3.0,3.0,3.0,3
98,42,No,Travel_Rarely,Sales,2,2,Medical,Female,1,Laboratory Technician,Single,21330,3.0,13,2,14.0,2,1,0,1.0,4.0,3.0,3
99,21,Yes,Travel_Frequently,Research & Development,9,3,Medical,Female,4,Manufacturing Director,Single,178750,1.0,12,0,3.0,5,3,1,1.0,2.0,3.0,2
100,36,No,Non-Travel,Human Resources,28,3,Human Resources,Male,2,Laboratory Technician,Single,24320,4.0,22,0,7.0,4,1,0,4.0,4.0,3.0,1
101,36,No,Travel_Frequently,Research & Development,6,3,Life Sciences,Female,2,Research Scientist,Married,47710,4.0,13,1,16.0,2,13,1,1.0,4.0,3.0,3
102,57,No,Travel_Rarely,Research & Development,21,4,Life Sciences,Male,5,Research Scientist,Married,191610,2.0,18,0,15.0,2,3,1,4.0,3.0,3.0,1
103,40,No,Travel_Rarely,Research & Development,8,3,Other,Male,2,Sales Executive,Married,50870,3.0,14,1,10.0,3,7,1,4.0,3.0,3.0,3
104,21,No,Non-Travel,Research & Development,1,5,Life Sciences,Female,2,Manager,Single,28630,1.0,14,0,3.0,2,3,2,1.0,4.0,2.0,1
105,33,Yes,Travel_Rarely,Human Resources,28,2,Human Resources,Female,5,Manager,Single,55610,1.0,21,1,1.0,3,1,0,4.0,3.0,3.0,1
106,37,No,Travel_Rarely,Research & Development,5,3,Life Sciences,Male,4,Research Scientist,Married,21440,6.0,19,0,17.0,3,5,0,3.0,1.0,3.0,4
107,46,No,Non-Travel,Sales,2,4,Marketing,Female,2,Laboratory Technician,Married,30650,2.0,11,0,7.0,3,1,0,3.0,3.0,4.0,3
108,41,Yes,Travel_Frequently,Research & Development,16,1,Medical,Female,1,Research Scientist,Single,28100,1.0,11,0,8.0,3,8,7,1.0,2.0,3.0,4
109,50,No,Travel_Rarely,Research & Development,9,3,Medical,Female,3,Laboratory Technician,Single,98880,6.0,15,0,20.0,2,4,1,4.0,4.0,3.0,3
110,40,Yes,Travel_Rarely,Research & Development,8,3,Medical,Female,1,Healthcare Representative,Married,86280,2.0,20,0,8.0,2,6,1,3.0,3.0,3.0,2
111,31,No,Travel_Rarely,Research & Development,1,3,Life Sciences,Male,4,Human Resources,Single,28670,0.0,24,0,3.0,5,2,2,2.4,2.0,3.0,3
112,21,Yes,Travel_Rarely,Human Resources,10,2,Human Resources,Male,1,Laboratory Technician,Single,53730,1.0,12,1,1.0,2,1,0,3.0,2.0,3.0,3
113,29,No,Travel_Rarely,Research & Development,1,3,Life Sciences,Female,2,Research Director,Single,66670,9.0,12,1,6.0,6,3,1,4.0,4.0,3.0,4
114,35,No,Travel_Rarely,Research & Development,29,3,Life Sciences,Female,3,Sales Executive,Single,50030,9.0,15,0,10.0,2,1,0,3.0,2.0,3.0,3
115,27,No,Travel_Rarely,Sales,2,3,Life Sciences,Male,1,Sales Executive,Divorced,23670,0.8,12,1,5.0,2,5,0,4.0,2.0,3.0,3
116,28,No,Travel_Rarely,Research & Development,2,2,Medical,Male,3,Manager,Single,28580,1.0,12,0,7.0,2,7,0,2.0,4.0,3.0,2
117,49,No,Travel_Rarely,Sales,2,3,Technical Degree,Male,2,Manufacturing Director,Single,52040,8.0,14,1,26.0,3,5,0,2.0,3.0,3.0,3
118,51,No,Travel_Rarely,Research & Development,1,2,Life Sciences,Male,1,Sales Executive,Married,41050,4.0,22,1,18.0,2,7,0,3.0,4.0,2.0,3
119,36,No,Travel_Rarely,Sales,15,2,Life Sciences,Male,1,Sales Executive,Married,96790,4.0,12,0,6.0,1,2,2,4.0,3.0,3.0,3
120,34,Yes,Non-Travel,Research & Development,7,3,Life Sciences,Male,1,Sales Representative,Single,56170,8.0,25,1,9.0,3,5,0,1.0,4.0,2.0,3
121,55,No,Travel_Rarely,Sales,26,3,Marketing,Male,1,Laboratory Technician,Single,104480,2.0,13,0,30.0,3,5,1,3.0,4.0,3.0,3
122,24,No,Travel_Rarely,Research & Development,1,3,Life Sciences,Female,5,Manager,Divorced,28970,1.0,18,3,5.0,4,5,0,4.0,3.0,4.0,3
123,30,No,Travel_Rarely,Research & Development,3,3,Life Sciences,Female,2,Manager,Married,59680,1.0,13,0,1.0,3,1,0,3.0,2.0,3.0,3
124,26,Yes,Travel_Frequently,Sales,14,3,Life Sciences,Male,2,Manager,Single,75100,0.0,18,3,7.0,3,6,0,3.0,1.6,3.0,3
125,22,No,Travel_Rarely,Research & Development,16,5,Other,Male,1,Research Scientist,Married,29910,1.0,19,2,2.0,3,2,1,1.0,2.0,3.0,2
126,36,No,Travel_Rarely,Research & Development,1,3,Medical,Female,5,Healthcare Representative,Married,196360,1.0,12,1,10.0,3,10,9,2.0,3.0,3.0,3
127,30,Yes,Travel_Frequently,Sales,3,2,Marketing,Male,3,Research Scientist,Single,11290,9.0,19,0,3.0,2,1,0,3.0,4.0,3.0,2
128,37,No,Travel_Rarely,Research & Development,10,1,Technical Degree,Male,1,Sales Executive,Divorced,133410,1.0,14,1,18.0,3,18,12,4.0,1.0,2.0,3
129,40,No,Travel_Rarely,Research & Development,6,2,Medical,Male,3,Research Scientist,Divorced,43320,7.0,14,2,8.0,3,5,1,4.0,2.0,3.0,2
130,42,No,Travel_Rarely,Research & Development,2,3,Medical,Female,4,Manager,Divorced,110310,3.0,12,1,8.0,2,5,1,2.0,1.0,3.0,2
131,37,No,Travel_Rarely,Sales,9,1,Marketing,Male,3,Sales Executive,Single,44400,2.0,11,1,18.0,3,1,0,3.0,2.0,2.0,2
132,43,No,Travel_Rarely,Sales,10,2,Life Sciences,Female,1,Sales Executive,Divorced,46170,1.0,11,0,25.0,2,25,3,1.0,2.0,3.0,3
133,40,No,Travel_Rarely,Sales,6,2,Life Sciences,Female,1,Laboratory Technician,Married,26470,6.0,13,0,20.0,2,1,0,2.0,3.0,3.0,2
134,54,No,Travel_Rarely,Human Resources,9,3,Life Sciences,Female,2,Manufacturing Director,Married,63230,4.0,23,1,24.0,2,4,1,1.0,1.0,2.0,2
135,34,No,Non-Travel,Research & Development,28,3,Medical,Male,1,Laboratory Technician,Married,56770,9.0,20,1,6.0,3,3,1,3.0,3.0,3.0,3
136,31,No,Travel_Rarely,Research & Development,10,4,Life Sciences,Male,3,Sales Executive,Married,21870,1.0,15,1,13.0,2,13,3,2.0,1.0,1.0,2
137,43,No,Travel_Frequently,Sales,14,3,Life Sciences,Female,1,Manufacturing Director,Married,37480,7.0,14,2,12.6,3,3,1,4.0,4.0,3.0,2
138,43,No,Travel_Rarely,Sales,27,4,Life Sciences,Male,2,Sales Representative,Divorced,39770,4.0,18,1,8.0,3,5,0,3.0,3.0,3.0,3
139,25,No,Travel_Rarely,Human Resources,7,2,Human Resources,Male,1,Manufacturing Director,Single,86330,1.0,19,1,5.0,2,5,1,2.0,4.0,3.0,4
140,37,No,Non-Travel,Research & Development,1,3,Medical,Male,3,Laboratory Technician,Married,20080,3.0,22,0,15.0,5,13,10,2.0,3.0,3.0,2
141,31,No,Travel_Rarely,Research & Development,24,1,Medical,Male,3,Laboratory Technician,Married,44400,1.0,13,1,4.0,2,4,3,4.0,1.0,3.0,3
142,39,No,Travel_Frequently,Research & Development,26,4,Technical Degree,Female,1,Sales Executive,Divorced,30670,1.0,20,1,21.0,5,21,1,2.0,3.0,3.0,1
143,56,No,Travel_Frequently,Research & Development,20,4,Life Sciences,Female,3,Sales Executive,Married,53210,9.0,14,0,36.0,1,7,7,3.0,1.0,2.0,3
144,30,No,Travel_Rarely,Sales,5,4,Medical,Female,2,Manufacturing Director,Single,54100,0.0,17,1,6.0,2,5,4,2.0,3.0,3.0,3
145,41,No,Travel_Rarely,Research & Development,7,3,Technical Degree,Female,3,Research Scientist,Married,27820,1.0,14,0,10.0,2,10,0,2.0,1.0,3.0,2
146,28,No,Travel_Rarely,Research & Development,7,3,Medical,Male,3,Healthcare Representative,Divorced,119570,1.0,13,0,10.0,2,10,1,3.0,1.0,3.0,2
147,25,Yes,Travel_Rarely,Research & Development,5,2,Life Sciences,Female,3,Laboratory Technician,Married,26600,5.0,13,0,6.0,3,2,0,1.0,1.0,3.0,3
148,52,No,Travel_Rarely,Research & Development,26,2,Life Sciences,Female,2,Sales Representative,Married,33750,2.0,21,0,28.0,2,5,0,4.0,3.0,3.0,2
149,45,No,Travel_Rarely,Research & Development,2,3,Medical,Female,1,Sales Executive,Married,50980,3.0,14,1,8.0,4,2,0,1.0,4.0,2.0,3
150,52,No,Travel_Rarely,Research & Development,12,3,Medical,Male,2,Research Scientist,Married,48780,2.0,11,1,31.0,3,5,1,4.0,4.0,1.0,3
151,42,No,Travel_Frequently,Sales,10,3,Marketing,Female,2,Healthcare Representative,Divorced,28370,2.0,13,1,19.0,0,5,0,1.0,3.0,3.0,2
152,30,No,Travel_Rarely,Sales,25,3,Marketing,Male,1,Sales Executive,Single,24060,2.0,20,1,11.0,5,5,0,3.0,4.0,3.0,3
153,60,No,Travel_Rarely,Research & Development,10,3,Life Sciences,Female,1,Manufacturing Director,Married,22690,5.0,18,1,33.0,4,29,11,1.0,1.0,1.0,3
154,46,No,Travel_Rarely,Sales,19,4,Marketing,Female,1,Sales Executive,Divorced,41080,2.0,14,0,19.0,5,10,0,3.0,3.0,2.0,2
155,42,No,Travel_Frequently,Research & Development,18,4,Technical Degree,Male,4,Sales Executive,Married,132060,0.0,13,2,7.0,2,6,0,4.0,4.0,4.0,3
156,24,Yes,Travel_Rarely,Research & Development,27,2,Medical,Male,1,Research Scientist,Single,104220,1.0,17,1,6.0,0,5,1,1.0,2.0,3.0,2
157,34,Yes,Travel_Frequently,Research & Development,5,3,Medical,Male,2,Research Scientist,Divorced,137440,0.0,20,1,3.0,3,2,1,4.0,3.0,2.0,3
158,38,No,Travel_Frequently,Sales,3,3,Marketing,Female,2,Sales Executive,Married,49070,1.0,11,1,1.0,3,1,0,4.0,4.0,3.0,3
159,40,No,Travel_Rarely,Sales,26,4,Marketing,Female,1,Sales Executive,Married,34820,0.0,18,1,21.0,2,20,1,3.0,3.0,3.0,2
160,26,No,Travel_Rarely,Research & Development,3,2,Medical,Female,4,Healthcare Representative,Divorced,24360,1.0,24,0,3.0,2,3,0,1.0,4.0,1.0,4
161,30,No,Non-Travel,Research & Development,15,3,Medical,Female,2,Sales Executive,Married,23800,4.0,18,3,9.0,2,5,1,3.0,4.0,1.0,2
162,29,No,Travel_Rarely,Research & Development,8,3,Medical,Female,3,Manufacturing Director,Married,194310,1.0,11,0,10.0,3,10,0,2.0,3.0,3.0,3
163,29,Yes,Travel_Rarely,Research & Development,19,4,Life Sciences,Male,3,Research Scientist,Married,17900,5.0,16,1,6.0,4,2,1,3.0,2.0,4.0,2
164,19,Yes,Travel_Rarely,Research & Development,4,3,Medical,Male,1,Sales Executive,Single,76440,1.0,15,2,1.0,2,1,0,1.0,4.0,4.0,3
165,30,No,Non-Travel,Research & Development,2,4,Life Sciences,Female,3,Research Scientist,Married,51310,0.0,15,1,10.0,2,9,7,3.0,1.0,3.0,3
166,57,No,Travel_Rarely,Research & Development,2,2,Life Sciences,Male,4,Research Scientist,Divorced,63060,3.0,12,1,32.0,3,1,0,1.0,4.0,2.0,3
167,50,No,Travel_Rarely,Sales,10,4,Life Sciences,Female,3,Manager,Married,47870,0.0,12,0,28.0,3,27,15,2.0,3.0,3.0,3
168,30,No,Non-Travel,Sales,10,2,Life Sciences,Male,3,Laboratory Technician,Single,188800,0.0,22,1,12.0,3,11,6,3.0,4.0,2.0,3
169,60,No,Travel_Frequently,Research & Development,16,3,Life Sciences,Female,4,Laboratory Technician,Married,23390,4.0,20,0,22.0,4,18,13,3.0,1.0,4.0,3
170,47,No,Travel_Rarely,Research & Development,1,3,Technical Degree,Male,5,Manufacturing Director,Divorced,135700,5.0,16,2,20.0,2,5,0,1.0,4.0,3.0,2
171,46,No,Travel_Rarely,Sales,4,1,Technical Degree,Male,1,Laboratory Technician,Married,67120,6.0,21,1,26.0,3,3,0,1.0,3.0,1.0,2
172,35,No,Travel_Rarely,Research & Development,15,2,Medical,Female,2,Laboratory Technician,Single,54060,0.0,12,1,6.0,2,5,4,4.0,3.0,3.0,3
173,54,No,Travel_Rarely,Research & Development,2,4,Medical,Male,2,Human Resources,Single,89380,7.0,11,3,19.0,2,1,0,3.0,3.0,3.0,3
174,34,No,Travel_Rarely,Sales,8,2,Life Sciences,Male,1,Laboratory Technician,Divorced,24390,3.0,11,2,14.0,2,7,5,4.0,3.0,3.0,4
175,46,No,Travel_Rarely,Research & Development,2,3,Life Sciences,Male,1,Healthcare Representative,Married,88370,2.0,18,0,15.0,3,3,1,3.0,4.0,3.0,2
176,31,No,Travel_Rarely,Research & Development,7,3,Life Sciences,Male,2,Research Director,Divorced,53430,1.0,14,1,13.0,3,13,0,3.0,2.0,4.0,3
177,33,Yes,Travel_Rarely,Research & Development,10,3,Life Sciences,Female,4,Research Director,Married,67280,7.0,22,0,15.0,2,7,7,2.0,3.0,4.0,2
178,33,Yes,Travel_Rarely,Sales,5,4,Marketing,Male,2,Research Director,Divorced,66520,7.0,25,0,8.0,5,4,1,1.0,4.0,3.0,3
179,30,No,Travel_Rarely,Research & Development,2,3,Life Sciences,Male,1,Sales Executive,Single,48500,0.0,12,1,4.0,4,3,1,4.0,2.0,3.0,3
180,35,No,Travel_Rarely,Research & Development,12,2,Medical,Female,2,Sales Representative,Married,28090,4.0,23,1,10.0,2,8,0,4.0,3.0,3.0,1
181,31,Yes,Travel_Frequently,Research & Development,22,2,Medical,Female,2,Sales Executive,Married,56890,3.0,15,2,12.0,2,1,0,1.0,3.0,3.0,2
182,34,Yes,Travel_Frequently,Sales,17,1,Marketing,Male,1,Research Director,Divorced,20010,9.0,22,1,11.0,5,3,0,2.0,1.0,3.0,4
183,42,No,Travel_Frequently,Research & Development,2,4,Medical,Female,1,Research Scientist,Married,29770,4.0,15,3,8.0,3,2,2,2.0,3.0,3.0,2
184,36,No,Non-Travel,Research & Development,3,4,Medical,Male,1,Research Scientist,Single,40250,1.0,11,0,10.0,3,10,9,2.0,4.0,2.0,3
185,22,Yes,Travel_Frequently,Research & Development,7,3,Medical,Female,2,Laboratory Technician,Single,37850,5.0,13,2,4.0,2,2,1,3.0,3.0,3.0,3
186,48,No,Travel_Rarely,Research & Development,6,3,Medical,Male,1,Laboratory Technician,Married,108540,2.0,14,1,14.0,6,9,6,2.0,4.0,3.0,3
187,55,No,Travel_Rarely,Research & Development,1,3,Medical,Female,1,Sales Executive,Single,120310,3.0,11,0,37.0,5,10,7,1.0,2.0,3.0,3
188,41,No,Non-Travel,Research & Development,3,2,Life Sciences,Female,2,Research Scientist,Single,99360,7.0,17,1,16.0,2,14,1,4.0,4.0,3.0,2
189,35,No,Travel_Rarely,Research & Development,22,3,Medical,Female,1,Sales Representative,Married,29660,9.0,18,0,15.0,2,11,6,2.0,3.0,3.0,2
190,40,No,Travel_Rarely,Research & Development,15,3,Life Sciences,Female,2,Laboratory Technician,Single,25710,7.0,14,0,22.0,1,20,5,2.0,3.0,3.0,3
191,39,No,Travel_Frequently,Research & Development,12,1,Medical,Male,1,Research Scientist,Married,99910,1.0,16,1,8.0,3,8,0,3.0,3.0,3.0,3
192,31,No,Travel_Rarely,Research & Development,1,4,Life Sciences,Male,3,Research Director,Single,61420,4.0,13,2,10.0,2,6,0,2.0,4.0,4.0,2
193,42,No,Travel_Rarely,Research & Development,5,3,Medical,Male,3,Sales Executive,Married,53900,1.0,14,0,10.0,3,10,5,4.0,1.0,2.0,3
194,45,No,Travel_Rarely,Research & Development,2,1,Medical,Female,4,Sales Executive,Married,44040,0.0,23,0,9.0,2,8,3,4.0,2.0,4.0,3
195,26,Yes,Travel_Frequently,Research & Development,2,1,Life Sciences,Female,2,Laboratory Technician,Divorced,59930,0.0,12,0,8.0,3,7,1,2.0,3.0,2.0,3
196,29,No,Travel_Rarely,Research & Development,5,3,Medical,Male,1,Research Scientist,Divorced,51300,4.0,11,0,8.0,3,3,1,4.0,4.0,4.0,2
197,33,No,Travel_Rarely,Research & Development,16,3,Medical,Female,1,Laboratory Technician,Divorced,20900,4.0,16,0,10.0,2,6,0,1.0,3.0,3.0,3
198,31,No,Travel_Rarely,Research & Development,2,4,Life Sciences,Female,1,Sales Executive,Divorced,29090,9.0,14,2,10.0,2,5,0,3.0,4.0,2.0,3
199,18,Yes,Travel_Frequently,Research & Development,2,3,Technical Degree,Male,1,Sales Executive,Single,34680,1.0,18,2,0.0,4,0,0,2.0,2.0,3.0,4
200,40,No,Non-Travel,Research & Development,1,4,Technical Degree,Female,2,Laboratory Technician,Divorced,30680,3.0,19,0,20.0,3,1,0,3.0,1.0,3.0,2
201,41,No,Non-Travel,Research & Development,23,3,Life Sciences,Male,2,Manufacturing Director,Single,26700,2.0,15,2,10.0,2,8,0,1.0,3.0,3.0,2
202,26,No,Travel_Rarely,Research & Development,9,4,Medical,Male,3,Healthcare Representative,Divorced,26930,5.0,17,3,8.0,3,0,0,1.0,3.0,3.0,2
203,35,No,Travel_Rarely,Research & Development,16,4,Medical,Male,2,Human Resources,Single,95260,1.0,15,0,5.0,2,5,0,1.0,3.0,3.0,2
204,34,No,Travel_Rarely,Research & Development,26,3,Medical,Male,1,Laboratory Technician,Single,52370,1.0,19,1,10.0,3,10,5,4.0,4.0,3.0,2
205,26,Yes,Travel_Rarely,Sales,1,3,Marketing,Female,2,Manufacturing Director,Single,24260,1.0,22,0,1.0,3,1,0,3.0,4.0,1.0,1
206,37,No,Travel_Rarely,Research & Development,8,1,Life Sciences,Male,1,Sales Executive,Single,41930,4.0,16,1,12.0,5,6,1,2.0,4.0,4.0,3
207,46,No,Travel_Frequently,Research & Development,4,1,Medical,Male,5,Human Resources,Married,29110,5.0,13,0,28.0,3,2,1,1.0,3.0,2.0,3
208,41,No,Travel_Rarely,Research & Development,24,1,Life Sciences,Male,1,Research Director,Married,26610,7.0,14,1,22.0,2,18,11,2.0,1.0,3.0,3
209,37,No,Non-Travel,Research & Development,7,2,Medical,Male,1,Sales Executive,Divorced,20280,1.0,16,1,9.0,3,9,7,1.0,2.0,3.0,3
210,52,No,Travel_Rarely,Sales,2,1,Medical,Male,1,Laboratory Technician,Divorced,99800,5.4,11,1,18.0,2,10,6,4.0,1.0,3.0,3
211,32,Yes,Non-Travel,Research & Development,7,2,Life Sciences,Female,2,Research Director,Married,32980,8.0,22,0,6.0,4,4,1,4.0,3.0,3.0,2
212,24,No,Travel_Frequently,Sales,22,3,Life Sciences,Female,1,Healthcare Representative,Married,29350,0.0,14,2,3.0,5,2,2,4.0,4.0,3.0,2
213,38,No,Travel_Rarely,Research & Development,5,3,Life Sciences,Female,1,Research Scientist,Married,154270,3.0,16,1,18.0,2,1,0,3.0,3.0,3.0,3
214,37,No,Travel_Rarely,Research & Development,1,4,Technical Degree,Female,5,Research Scientist,Married,39440,6.0,11,2,8.0,3,6,4,2.0,2.0,2.0,3
215,49,No,Travel_Rarely,Sales,21,1,Life Sciences,Male,1,Sales Executive,Divorced,40110,1.0,18,2,31.0,2,31,0,4.0,3.0,3.0,1
216,24,No,Travel_Rarely,Sales,1,3,Marketing,Female,1,Sales Executive,Married,34070,1.0,15,2,6.0,2,6,1,2.0,4.0,3.0,2
217,26,No,Travel_Rarely,Research & Development,19,4,Technical Degree,Female,4,Sales Executive,Married,119940,1.0,14,1,6.0,6,5,1,1.0,2.0,4.0,3
218,24,No,Travel_Rarely,Sales,7,3,Medical,Female,1,Laboratory Technician,Married,12320,1.0,12,0,1.0,4,1,0,4.0,2.0,3.0,1
219,50,No,Travel_Frequently,Sales,2,2,Marketing,Male,1,Sales Executive,Married,29600,1.0,14,3,32.0,2,32,10,1.0,2.0,3.0,3
220,25,No,Travel_Rarely,Research & Development,2,3,Life Sciences,Male,1,Research Scientist,Married,190940,1.0,16,0,7.0,3,7,0,2.0,3.0,3.0,2
221,24,Yes,Travel_Frequently,Research & Development,2,3,Medical,Male,2,Research Scientist,Married,39190,1.0,21,0,6.0,3,6,1,1.0,3.0,3.0,3
222,30,Yes,Travel_Frequently,Research & Development,9,3,Other,Male,2,Healthcare Representative,Married,68250,1.0,14,0,1.0,2,1,0,2.0,1.0,4.0,3
223,34,No,Travel_Rarely,Sales,6,2,Life Sciences,Male,4,Research Director,Married,102480,1.0,12,1,6.0,4,6,1,2.0,4.0,3.0,3
224,31,Yes,Travel_Rarely,Research & Development,9,1,Medical,Female,1,Sales Representative,Divorced,189470,2.0,12,2,9.0,2,3,1,2.0,1.0,1.0,2
225,35,No,Travel_Rarely,Research & Development,2,3,Life Sciences,Female,5,Sales Executive,Single,24960,4.0,17,3,9.0,3,3,0,1.0,4.0,3.0,3
226,31,No,Travel_Rarely,Sales,1,3,Marketing,Female,2,Sales Executive,Divorced,64650,4.0,17,0,13.0,3,7,5,1.0,4.0,4.0,3
227,27,No,Travel_Rarely,Sales,22,4,Medical,Male,1,Sales Representative,Divorced,22060,0.0,14,1,6.0,4,5,0,1.0,3.0,2.0,3
228,37,No,Travel_Rarely,Sales,9,4,Marketing,Female,2,Laboratory Technician,Married,20860,4.0,14,0,17.0,3,3,1,4.0,3.0,2.0,3
229,20,No,Travel_Rarely,Research & Development,17,4,Medical,Female,1,Sales Representative,Single,22930,1.0,13,2,1.0,3,1,0,4.0,2.0,4.0,1
230,42,No,Travel_Rarely,Research & Development,28,4,Life Sciences,Female,2,Manufacturing Director,Married,26450,1.0,15,0,10.0,5,10,2,3.0,4.0,3.0,3
231,43,No,Travel_Rarely,Research & Development,10,5,Technical Degree,Female,2,Sales Executive,Divorced,26830,4.0,11,0,21.0,3,1,0,2.0,4.0,2.0,3
232,38,No,Travel_Rarely,Human Resources,2,4,Medical,Male,1,Human Resources,Single,20140,3.0,17,1,8.0,5,0,0,3.0,1.0,2.0,4
233,43,No,Travel_Frequently,Sales,4,3,Medical,Female,2,Healthcare Representative,Divorced,34190,3.0,11,1,10.0,5,8,4,4.0,3.0,3.0,3
234,48,No,Travel_Rarely,Research & Development,8,1,Medical,Male,2,Laboratory Technician,Married,53760,7.0,13,1,21.0,3,3,0,4.0,1.0,1.0,4
235,44,No,Travel_Rarely,Sales,29,4,Marketing,Male,2,Sales Executive,Single,19510,4.0,22,3,10.0,4,2,0,1.0,3.0,4.0,4
236,34,No,Travel_Rarely,Research & Development,13,4,Life Sciences,Female,1,Laboratory Technician,Divorced,23410,1.0,20,2,8.0,3,8,0,3.0,3.0,3.0,2
237,27,Yes,Travel_Rarely,Sales,27,3,Life Sciences,Male,2,Research Scientist,Divorced,22930,0.0,18,0,5.0,0,4,0,3.0,1.0,3.0,3
238,21,No,Travel_Rarely,Sales,16,2,Life Sciences,Male,3,Sales Executive,Single,87260,1.0,11,1,3.0,2,3,1,3.0,3.0,3.0,1
239,44,No,Travel_Rarely,Research & Development,2,2,Life Sciences,Male,1,Laboratory Technician,Married,40110,4.0,14,1,26.0,2,2,0,4.0,4.0,4.0,3
240,22,No,Travel_Rarely,Research & Development,2,2,Medical,Female,2,Laboratory Technician,Married,195450,0.0,14,0,3.0,3,2,2,1.0,3.0,3.0,2
241,33,No,Travel_Rarely,Sales,13,4,Marketing,Female,2,Manufacturing Director,Divorced,45680,0.0,18,1,6.0,2,5,1,3.0,3.0,3.0,3
242,32,No,Travel_Rarely,Research & Development,1,1,Life Sciences,Female,1,Healthcare Representative,Married,30220,1.0,16,1,6.0,3,6,0,1.0,4.0,2.0,3
243,30,No,Travel_Frequently,Research & Development,4,5,Technical Degree,Male,3,Manager,Divorced,57720,1.0,17,0,1.0,3,1,0,3.0,3.0,3.0,3
244,53,No,Travel_Rarely,Research & Development,24,3,Other,Female,3,Manager,Single,22690,7.0,11,1,18.0,2,14,8,4.0,1.0,4.0,2
245,34,No,Travel_Rarely,Research & Development,1,5,Medical,Male,1,Research Scientist,Married,53810,1.0,12,0,10.0,0,10,8,2.0,4.0,2.0,3
246,45,Yes,Travel_Frequently,Research & Development,19,4,Life Sciences,Male,3,Research Director,Married,34410,2.0,13,1,5.0,5,1,0,1.0,1.0,3.0,3
247,26,No,Travel_Rarely,Research & Development,7,2,Life Sciences,Male,1,Manufacturing Director,Married,54540,1.0,13,1,3.0,5,3,0,3.0,4.0,3.0,4
248,37,No,Travel_Rarely,Research & Development,4,3,Medical,Male,1,Manager,Married,98840,1.0,14,0,10.0,3,10,7,3.0,3.0,3.0,2
249,29,No,Travel_Rarely,Research & Development,2,3,Life Sciences,Female,1,Healthcare Representative,Married,41570,1.0,17,3,6.0,2,6,1,2.0,3.0,2.0,3
250,35,No,Travel_Rarely,Research & Development,10,5,Medical,Female,4,Laboratory Technician,Single,134580,1.0,11,0,17.0,3,17,11,2.0,4.0,3.0,3
251,33,No,Travel_Frequently,Research & Development,8,3,Technical Degree,Male,2,Laboratory Technician,Divorced,90690,3.0,25,1,15.0,3,13,4,3.0,4.0,1.0,3
252,54,No,Travel_Rarely,Research & Development,5,2,Life Sciences,Female,2,Sales Executive,Married,40140,2.0,19,1,16.0,4,9,7,3.0,2.0,4.0,2
253,36,No,Travel_Rarely,Research & Development,8,3,Life Sciences,Male,2,Research Scientist,Divorced,59150,2.0,13,1,13.0,3,3,0,2.0,2.0,3.0,2
254,27,No,Travel_Rarely,Sales,9,3,Marketing,Male,5,Research Director,Single,59930,0.0,14,1,5.0,3,4,1,1.0,4.0,3.0,1
255,20,Yes,Travel_Rarely,Research & Development,1,3,Life Sciences,Male,5,Sales Representative,Single,61620,1.0,12,3,1.0,2,1,1,4.0,3.0,3.0,2
256,33,Yes,Travel_Frequently,Research & Development,15,4,Medical,Female,1,Laboratory Technician,Single,24060,1.0,11,0,10.0,3,10,9,1.0,1.0,3.0,3
257,35,No,Non-Travel,Research & Development,2,1,Medical,Male,1,Research Scientist,Married,187400,1.0,19,1,1.0,2,1,0,3.0,3.0,3.0,4
258,23,No,Travel_Rarely,Research & Development,2,3,Life Sciences,Male,1,Healthcare Representative,Married,76370,2.0,11,1,5.0,3,3,0,1.0,1.0,4.0,3
259,25,No,Travel_Rarely,Research & Development,11,3,Medical,Male,2,Manufacturing Director,Married,100960,0.0,11,1,4.0,3,3,1,4.0,2.0,3.0,3
260,38,No,Travel_Rarely,Research & Development,16,3,Life Sciences,Male,5,Research Scientist,Single,147560,0.0,20,1,8.0,3,7,0,4.0,4.0,3.0,2
261,29,No,Travel_Frequently,Sales,2,4,Life Sciences,Male,4,Healthcare Representative,Divorced,64990,1.0,18,3,10.0,3,10,2,2.0,4.0,3.0,2
262,48,No,Travel_Rarely,Research & Development,16,3,Technical Degree,Male,1,Sales Executive,Married,97240,3.0,13,0,12.0,2,2,2,2.0,2.0,3.0,4
263,27,No,Travel_Frequently,Sales,4,3,Technical Degree,Male,5,Laboratory Technician,Divorced,21940,1.0,12,0,6.0,5,6,0,4.0,4.0,3.0,3
264,37,No,Travel_Rarely,Research & Development,16,3,Life Sciences,Male,3,Manager,Single,33880,3.0,11,0,4.0,2,1,0,4.0,4.0,3.0,4
265,50,No,Travel_Rarely,Sales,5,3,Medical,Male,1,Laboratory Technician,Married,54730,1.0,19,1,20.0,2,20,3,4.0,3.0,3.0,4
266,34,No,Travel_Rarely,Research & Development,18,1,Medical,Male,1,Healthcare Representative,Single,27030,1.0,21,1,9.0,2,8,7,4.0,2.0,4.0,3
267,24,Yes,Travel_Rarely,Research & Development,17,2,Life Sciences,Female,1,Healthcare Representative,Single,25010,9.0,12,0,4.0,3,2,2,1.0,3.0,3.0,1
268,39,No,Travel_Rarely,Research & Development,12,5,Medical,Female,1,Sales Representative,Single,62200,1.0,14,2,20.0,2,20,11,4.0,3.0,3.0,3
269,32,No,Travel_Rarely,Research & Development,2,3,Life Sciences,Male,5,Research Scientist,Single,30380,1.0,11,0,10.0,5,10,0,4.0,4.0,2.0,1
270,50,Yes,Travel_Frequently,Research & Development,4,2,Medical,Male,4,Sales Representative,Married,44240,3.0,14,1,18.0,2,4,1,2.0,3.0,3.0,2
271,38,No,Travel_Rarely,Research & Development,9,4,Life Sciences,Male,1,Sales Executive,Single,43120,0.0,12,1,10.0,2,9,1,2.0,4.0,2.0,2
272,27,No,Travel_Rarely,Research & Development,10,3,Medical,Male,5,Research Scientist,Married,132450,1.0,23,1,9.0,3,9,0,3.0,1.0,3.0,2
273,32,No,Travel_Rarely,Sales,1,3,Medical,Male,2,Sales Executive,Single,136640,3.0,14,0,10.0,6,7,7,3.0,4.0,3.2,3
274,47,No,Travel_Rarely,Research & Development,2,3,Medical,Female,5,Sales Executive,Single,50210,2.0,17,0,20.0,3,7,1,4.0,1.0,3.0,3
275,40,No,Travel_Frequently,Research & Development,3,4,Medical,Female,3,Human Resources,Married,51260,5.0,18,0,20.0,2,18,1,4.0,1.0,3.0,3
276,53,No,Travel_Rarely,Research & Development,7,1,Life Sciences,Male,2,Laboratory Technician,Married,28590,3.0,18,1,32.0,2,5,1,3.0,3.0,3.0,3
277,41,No,Travel_Rarely,Sales,6,3,Medical,Male,1,Sales Executive,Divorced,102390,3.0,24,3,23.0,3,21,12,2.0,4.0,2.0,3
278,60,No,Travel_Rarely,Research & Development,8,2,Life Sciences,Female,5,Laboratory Technician,Single,53290,8.0,20,0,10.0,3,2,2,1.0,1.0,3.0,4
279,27,No,Travel_Frequently,Research & Development,29,1,Life Sciences,Male,2,Manufacturing Director,Divorced,43250,1.0,14,0,9.0,2,9,1,4.0,1.0,2.0,2
280,41,No,Travel_Rarely,Research & Development,3,3,Medical,Male,1,Manufacturing Director,Married,72600,1.0,16,0,22.0,2,22,2,4.0,3.0,3.0,3
281,50,No,Travel_Rarely,Sales,9,3,Life Sciences,Male,2,Research Scientist,Married,23220,7.0,25,1,4.0,0,2,2,4.0,2.0,3.0,4
282,28,Yes,Travel_Rarely,Sales,2,4,Life Sciences,Male,3,Research Scientist,Single,20750,7.0,18,3,10.0,0,7,3,1.0,2.0,3.0,2
283,36,No,Non-Travel,Research & Development,10,4,Technical Degree,Female,2,Research Scientist,Married,41520,9.0,19,1,10.0,3,8,0,1.0,1.0,3.0,3
284,38,No,Travel_Rarely,Research & Development,1,3,Medical,Female,3,Manager,Single,96190,4.0,13,1,10.0,2,1,0,3.0,3.0,4.0,3
285,44,No,Non-Travel,Research & Development,8,2,Life Sciences,Male,1,Research Scientist,Single,135030,2.0,12,0,9.0,6,5,1,1.0,3.0,3.0,2
286,47,No,Travel_Frequently,Research & Development,27,3,Life Sciences,Male,1,Research Scientist,Divorced,54410,9.0,22,1,28.0,6,22,11,4.0,3.0,2.0,2
287,30,No,Travel_Rarely,Research & Development,8,3,Life Sciences,Male,2,Sales Executive,Divorced,52090,7.0,14,1,10.0,3,8,7,3.0,4.0,2.0,3
288,29,No,Travel_Rarely,Research & Development,1,2,Medical,Female,1,Sales Executive,Single,106730,1.0,13,3,1.0,2,1,0,3.0,3.0,3.0,3
289,42,Yes,Travel_Frequently,Research & Development,10,1,Life Sciences,Female,1,Sales Executive,Divorced,50100,6.0,21,3,7.0,3,2,2,3.0,3.0,3.0,3
290,43,No,Travel_Frequently,Research & Development,26,1,Life Sciences,Male,1,Laboratory Technician,Married,135490,3.0,11,2,7.0,3,2,2,4.0,4.0,3.0,3
291,34,No,Travel_Rarely,Research & Development,2,5,Technical Degree,Male,2,Healthcare Representative,Single,49990,3.0,12,2,10.0,2,5,4,2.0,3.0,3.0,4
292,23,No,Travel_Rarely,Sales,13,3,Marketing,Male,5,Sales Executive,Married,42210,1.0,11,1,5.0,4,4,0,2.0,1.0,4.0,3
293,39,No,Travel_Rarely,Sales,2,4,Marketing,Female,4,Healthcare Representative,Married,138720,9.0,12,3,12.0,3,8,3,3.0,2.0,1.0,2
294,56,No,Travel_Rarely,Research & Development,2,4,Medical,Male,1,Manager,Married,20420,7.0,12,0,30.0,6,10,1,3.0,4.0,2.0,3
295,40,No,Travel_Rarely,Sales,9,3,Marketing,Male,2,Research Scientist,Single,20730,0.0,14,0,5.0,3,4,2,4.0,4.0,2.0,3
296,27,No,Travel_Rarely,Research & Development,10,3,Life Sciences,Female,1,Laboratory Technician,Single,29560,8.0,13,0,9.0,6,7,0,4.0,1.0,1.0,3
297,29,No,Travel_Rarely,Sales,20,3,Marketing,Female,2,Manager,Divorced,29260,1.0,15,1,2.0,3,2,2,4.0,2.0,3.0,2
298,53,No,Travel_Rarely,Research & Development,9,3,Life Sciences,Female,3,Laboratory Technician,Single,48090,2.0,18,0,19.0,2,2,2,4.0,4.0,3.0,3
299,35,No,Non-Travel,Research & Development,5,1,Medical,Male,1,Healthcare Representative,Divorced,51630,2.0,18,2,16.0,4,1,0,4.0,1.0,4.0,3
300,32,No,Travel_Frequently,Sales,4,4,Life Sciences,Male,2,Sales Executive,Married,188440,1.0,19,0,10.0,3,10,4,2.2,4.0,3.0,1
301,38,No,Travel_Rarely,Sales,10,3,Medical,Male,4,Laboratory Technician,Married,181720,6.0,12,2,6.0,5,1,0,4.0,3.0,1.0,3
302,34,No,Travel_Rarely,Research & Development,20,3,Medical,Female,3,Laboratory Technician,Divorced,57440,3.0,19,1,7.0,4,0,0,2.0,1.0,3.0,2
303,52,No,Travel_Rarely,Sales,21,5,Technical Degree,Male,3,Manager,Married,28890,1.0,11,1,34.0,2,34,1,3.0,1.0,4.0,3
304,33,Yes,Travel_Rarely,Research & Development,1,2,Medical,Male,3,Laboratory Technician,Single,28710,1.0,17,3,10.0,2,10,7,4.0,4.0,2.0,3
305,25,No,Travel_Rarely,Research & Development,8,3,Life Sciences,Male,2,Research Scientist,Single,74840,1.0,15,0,6.0,3,6,1,3.0,4.0,2.0,3
306,45,No,Travel_Rarely,Sales,2,3,Life Sciences,Male,3,Healthcare Representative,Single,60740,0.0,14,0,9.0,2,8,3,2.0,3.0,3.0,3
307,23,No,Travel_Rarely,Research & Development,23,1,Life Sciences,Female,2,Research Scientist,Single,173280,1.0,17,1,2.0,2,2,0,1.0,3.0,3.0,1
308,47,Yes,Travel_Frequently,Research & Development,4,3,Life Sciences,Male,1,Research Director,Single,27740,4.0,13,1,11.0,2,5,1,2.0,3.0,3.0,3
309,34,No,Travel_Rarely,Research & Development,12,3,Technical Degree,Male,1,Research Scientist,Single,45050,1.0,12,0,6.0,3,6,1,4.0,4.0,3.0,3
310,55,Yes,Travel_Rarely,Human Resources,7,3,Human Resources,Male,4,Laboratory Technician,Married,74280,5.0,12,0,24.0,2,5,1,4.0,1.0,3.0,3
311,36,No,Non-Travel,Research & Development,7,2,Life Sciences,Male,5,Sales Executive,Single,116310,1.0,18,1,10.0,2,10,0,1.0,1.0,3.0,1
312,52,No,Non-Travel,Research & Development,1,4,Life Sciences,Male,5,Sales Executive,Married,97380,0.0,18,2,5.0,2,4,1,4.0,4.0,3.0,3
313,26,No,Travel_Frequently,Research & Development,2,2,Life Sciences,Male,1,Manufacturing Director,Divorced,28350,3.0,11,1,5.0,2,2,2,1.0,2.8,3.0,3
314,29,No,Travel_Rarely,Research & Development,10,2,Medical,Male,3,Manufacturing Director,Married,169590,4.0,14,3,11.0,5,8,1,2.0,3.0,2.0,3
315,26,Yes,Travel_Rarely,Research & Development,15,2,Life Sciences,Male,2,Laboratory Technician,Single,26130,6.0,19,1,6.0,2,4,1,4.0,1.0,2.0,3
316,34,No,Travel_Rarely,Research & Development,14,4,Technical Degree,Male,2,Manufacturing Director,Single,61460,2.0,12,0,10.0,3,4,1,2.0,4.0,3.0,3
317,54,No,Travel_Rarely,Research & Development,18,4,Medical,Female,2,Laboratory Technician,Divorced,49630,9.0,15,1,9.0,2,5,1,4.0,1.0,3.0,3
318,27,No,Travel_Frequently,Research & Development,13,2,Life Sciences,Female,4,Research Scientist,Married,195370,0.0,12,0,5.0,5,4,1,3.0,4.0,3.0,3
319,37,No,Travel_Rarely,Sales,2,4,Technical Degree,Male,2,Manufacturing Director,Divorced,61720,0.0,11,0,6.0,1,5,4,4.0,1.0,2.0,3
320,38,No,Travel_Frequently,Sales,2,4,Life Sciences,Female,2,Research Scientist,Single,23680,6.0,11,1,17.0,3,15,4,1.0,1.0,3.0,3
321,34,No,Travel_Rarely,Sales,2,3,Marketing,Male,1,Sales Representative,Single,103120,1.0,12,0,6.0,2,6,1,3.0,1.0,3.0,3
322,35,No,Travel_Rarely,Research & Development,5,4,Medical,Male,3,Manager,Married,16750,1.0,16,0,3.0,6,3,0,1.0,4.0,2.0,2
323,30,No,Travel_Rarely,Research & Development,20,3,Medical,Male,1,Laboratory Technician,Married,25230,3.0,13,1,7.0,2,2,0,4.0,3.0,3.0,3
324,40,No,Travel_Frequently,Research & Development,10,4,Medical,Male,2,Manufacturing Director,Married,65670,1.0,13,1,8.0,3,8,3,3.0,2.0,3.0,4
325,34,No,Travel_Rarely,Research & Development,10,3,Life Sciences,Male,3,Healthcare Representative,Married,47390,5.0,24,2,6.0,2,3,1,3.0,1.0,3.0,3
326,42,No,Travel_Frequently,Research & Development,9,4,Medical,Male,1,Manufacturing Director,Divorced,92080,1.0,15,1,24.0,2,24,14,2.0,4.0,2.0,4
327,23,Yes,Travel_Rarely,Sales,2,3,Medical,Female,4,Manufacturing Director,Married,45590,1.0,18,1,1.0,2,0,0,3.0,1.0,3.0,2
328,24,No,Non-Travel,Sales,1,5,Marketing,Female,1,Manufacturing Director,Divorced,81890,1.0,14,1,1.0,3,1,0,3.0,2.0,3.0,3
329,52,No,Travel_Rarely,Research & Development,29,3,Life Sciences,Male,2,Manufacturing Director,Married,29420,8.0,11,1,9.0,1,5,1,4.0,3.0,3.0,2
330,50,No,Travel_Rarely,Research & Development,8,4,Life Sciences,Male,2,Sales Executive,Married,49410,5.0,11,1,30.0,3,4,0,3.0,3.0,3.0,1
331,29,Yes,Travel_Rarely,Sales,2,4,Marketing,Female,4,Research Scientist,Married,106500,1.0,13,2,1.0,2,1,0,2.0,1.0,3.0,4
332,33,No,Travel_Rarely,Research & Development,3,4,Life Sciences,Male,4,Manufacturing Director,Married,59020,0.0,12,1,14.0,2,13,3,3.0,3.0,4.0,3
333,33,Yes,Travel_Rarely,Research & Development,23,5,Life Sciences,Male,1,Human Resources,Single,86390,5.0,16,2,6.0,3,3,0,1.0,1.0,3.0,2
334,47,No,Travel_Rarely,Research & Development,6,4,Other,Male,2,Manager,Married,63470,1.0,14,0,26.0,2,26,3,3.0,4.0,2.0,4
335,36,No,Travel_Rarely,Sales,6,3,Medical,Female,2,Sales Executive,Married,42000,0.0,22,0,10.0,3,9,0,3.0,2.0,3.0,3
336,29,No,Travel_Rarely,Research & Development,10,3,Other,Male,1,Research Scientist,Married,34520,1.0,11,0,10.0,3,10,0,3.0,3.0,3.0,2
337,58,Yes,Travel_Rarely,Research & Development,24,3,Other,Female,2,Research Scientist,Single,43170,7.0,17,0,40.0,2,31,13,4.0,2.0,3.0,3
338,35,No,Travel_Rarely,Sales,10,4,Marketing,Female,1,Research Scientist,Single,26320,3.0,13,3,7.0,3,2,2,4.0,3.0,3.0,4
339,42,No,Travel_Rarely,Sales,15,1,Marketing,Male,2,Laboratory Technician,Married,46680,9.0,18,2,8.0,2,4,0,4.0,4.0,3.0,3
340,28,Yes,Travel_Rarely,Research & Development,19,4,Medical,Female,2,Sales Executive,Single,32040,6.0,16,1,5.0,4,2,2,3.0,3.0,2.0,2
341,36,No,Travel_Rarely,Research & Development,2,3,Life Sciences,Male,2,Healthcare Representative,Married,27200,4.0,14,1,8.0,3,5,0,3.0,2.0,3.0,3
342,32,No,Travel_Rarely,Research & Development,3,1,Medical,Male,2,Manufacturing Director,Married,171810,1.0,14,0,14.0,2,14,6,3.0,3.0,3.0,2
343,40,No,Travel_Frequently,Sales,9,3,Marketing,Male,3,Manufacturing Director,Single,22380,4.0,14,0,10.0,3,1,0,1.0,3.0,3.0,3
344,30,No,Travel_Rarely,Research & Development,7,3,Technical Degree,Male,2,Research Director,Single,14830,5.0,13,0,12.0,3,0,0,3.0,4.0,2.0,3
345,45,No,Travel_Rarely,Research & Development,10,4,Life Sciences,Male,1,Research Director,Single,56050,1.0,12,2,1.0,2,1,0,2.0,3.0,3.0,3
346,42,No,Travel_Rarely,Research & Development,20,2,Medical,Male,2,Sales Representative,Married,72950,1.0,15,0,10.0,3,9,7,2.0,2.0,2.0,3
347,38,No,Travel_Frequently,Sales,4,3,Medical,Male,2,Research Scientist,Divorced,23060,2.0,19,1,13.0,5,4,1,1.0,1.0,2.0,3
348,34,No,Travel_Frequently,Research & Development,7,4,Life Sciences,Male,3,Laboratory Technician,Single,23480,1.0,14,1,6.0,3,5,1,3.0,4.0,3.0,3
349,49,Yes,Travel_Rarely,Sales,7,2,Life Sciences,Female,2,Healthcare Representative,Married,89980,1.0,14,2,9.0,2,9,7,3.0,4.0,4.0,4
350,55,Yes,Travel_Rarely,Human Resources,16,3,Technical Degree,Male,4,Manufacturing Director,Single,43190,4.0,11,0,12.0,3,9,7,3.0,4.0,2.0,4
351,43,No,Travel_Rarely,Research & Development,25,2,Medical,Male,2,Healthcare Representative,Married,61320,6.0,13,0,22.0,3,4,1,2.0,1.0,3.0,2
352,27,No,Travel_Rarely,Sales,2,4,Medical,Male,2,Manager,Divorced,33460,1.0,21,1,9.0,2,9,0,3.0,4.0,3.0,2
353,35,No,Travel_Rarely,Research & Development,1,3,Medical,Male,1,Research Director,Single,108550,3.0,13,1,17.0,2,8,1,3.0,3.0,4.0,3
354,28,No,Travel_Rarely,Sales,1,2,Technical Degree,Female,1,Sales Executive,Married,22310,1.0,12,0,8.0,3,8,7,2.0,2.0,3.0,2
355,34,No,Travel_Rarely,Sales,2,5,Life Sciences,Male,4,Research Scientist,Married,23230,0.0,17,0,4.0,2,3,0,3.0,4.0,1.0,3
356,26,Yes,Travel_Frequently,Research & Development,22,4,Other,Female,1,Sales Executive,Married,20240,1.0,23,0,8.0,2,8,1,3.0,3.0,3.0,3
357,27,No,Non-Travel,Sales,1,3,Technical Degree,Female,1,Sales Executive,Married,27130,1.0,11,0,0.0,2,0,0,4.0,4.0,2.0,3
358,51,No,Travel_Rarely,Sales,16,3,Medical,Male,3,Research Scientist,Married,94390,2.0,15,3,29.0,0,20,4,1.0,3.0,2.0,3
359,44,No,Travel_Rarely,Sales,24,5,Medical,Female,1,Sales Executive,Single,25660,9.0,11,1,10.0,3,5,2,4.0,2.0,2.0,3
360,25,No,Travel_Rarely,Research & Development,17,3,Medical,Male,1,Laboratory Technician,Single,199260,7.0,11,3,6.0,5,4,0,1.0,1.0,2.0,4
361,33,No,Travel_Rarely,Research & Development,8,4,Life Sciences,Male,3,Laboratory Technician,Divorced,24510,1.0,13,1,9.0,3,9,0,1.0,1.0,3.0,2
362,35,No,Travel_Rarely,Sales,6,4,Medical,Female,2,Manager,Single,94190,1.0,24,1,6.0,5,6,1,3.0,1.0,2.0,2
363,36,No,Travel_Rarely,Sales,10,4,Marketing,Male,3,Manager,Married,86860,1.0,13,0,18.0,2,18,4,2.0,4.0,2.0,3
364,32,No,Travel_Rarely,Research & Development,3,4,Medical,Female,4,Sales Executive,Divorced,30380,2.0,20,0,8.0,3,5,0,2.0,4.0,2.0,3
365,30,No,Travel_Frequently,Research & Development,4,5,Medical,Male,5,Sales Representative,Divorced,30580,9.0,14,1,10.0,2,5,0,2.0,4.0,2.0,3
366,53,No,Travel_Rarely,Sales,6,3,Marketing,Male,4,Sales Executive,Married,23250,7.0,18,1,35.0,1,5,0,1.0,4.0,3.0,4
367,45,No,Travel_Rarely,Research & Development,1,5,Technical Degree,Male,2,Healthcare Representative,Divorced,20880,4.0,15,3,18.0,2,5,0,4.0,1.0,3.0,3
368,32,No,Travel_Rarely,Sales,10,3,Marketing,Female,1,Human Resources,Married,30720,5.0,12,0,9.0,4,5,1,3.0,3.0,2.0,1
369,52,No,Travel_Frequently,Research & Development,1,1,Life Sciences,Male,2,Laboratory Technician,Married,50060,3.0,16,1,31.0,2,9,0,3.0,4.0,3.0,3
370,37,No,Travel_Rarely,Sales,24,2,Life Sciences,Female,4,Laboratory Technician,Divorced,42570,4.0,15,0,9.0,2,1,0,4.0,3.0,3.0,3
371,28,No,Travel_Rarely,Research & Development,21,4,Life Sciences,Female,1,Healthcare Representative,Divorced,25000,1.0,16,2,6.0,3,5,0,2.0,4.0,3.0,3
372,22,No,Travel_Rarely,Research & Development,2,2,Life Sciences,Male,1,Sales Representative,Married,11020,6.0,19,0,4.0,3,2,2,4.0,4.0,1.0,2
373,44,No,Travel_Rarely,Research & Development,22,3,Medical,Female,1,Laboratory Technician,Married,104530,2.0,11,1,10.0,2,3,0,1.0,4.0,2.0,3
374,42,No,Travel_Frequently,Sales,13,4,Life Sciences,Female,2,Laboratory Technician,Single,22880,5.0,16,1,8.0,4,2,2,2.0,4.0,3.0,2
375,36,No,Travel_Rarely,Research & Development,14,3,Other,Male,2,Research Scientist,Married,39290,0.0,24,0,6.0,6,5,0,1.0,1.0,3.0,2
376,25,No,Travel_Rarely,Sales,11,3,Life Sciences,Female,1,Laboratory Technician,Married,23110,1.0,11,1,5.0,2,5,0,3.0,1.0,3.0,3
377,35,No,Travel_Rarely,Research & Development,9,2,Life Sciences,Female,1,Healthcare Representative,Married,31400,1.0,13,1,17.0,2,17,5,4.0,3.0,3.0,2
378,35,Yes,Travel_Frequently,Sales,8,2,Marketing,Female,1,Laboratory Technician,Divorced,36900,1.0,13,1,10.0,2,10,7,4.0,2.0,2.0,4
379,32,No,Non-Travel,Research & Development,21,3,Life Sciences,Male,1,Sales Executive,Divorced,44500,0.0,13,0,4.0,3,3,0,4.0,4.0,3.0,3
380,25,No,Travel_Rarely,Sales,5,3,Marketing,Female,4,Research Scientist,Married,27560,1.0,12,2,5.0,2,5,0,3.0,1.0,4.0,3
381,49,No,Travel_Rarely,Sales,9,3,Technical Degree,Female,2,Sales Representative,Married,190330,2.0,18,1,7.0,5,4,0,3.0,1.0,3.0,3
382,24,No,Non-Travel,Research & Development,2,5,Technical Degree,Male,2,Healthcare Representative,Married,187220,0.0,22,1,6.0,3,5,3,1.0,4.0,2.0,3
383,32,No,Travel_Frequently,Research & Development,12,5,Medical,Male,1,Research Scientist,Married,95470,1.0,13,1,10.0,3,10,5,2.0,2.0,3.0,2
384,38,No,Travel_Rarely,Sales,22,2,Medical,Male,1,Sales Executive,Married,137340,0.0,13,0,3.0,3,2,1,2.0,2.0,3.0,4
385,42,No,Travel_Rarely,Research & Development,18,1,Technical Degree,Female,2,Research Scientist,Married,199990,2.0,23,1,17.0,6,5,1,3.0,4.0,2.0,3
386,31,No,Travel_Rarely,Research & Development,16,3,Life Sciences,Female,3,Sales Executive,Married,22790,3.0,12,1,8.0,3,6,0,4.0,4.0,3.0,3
387,29,Yes,Travel_Rarely,Sales,3,3,Marketing,Male,3,Laboratory Technician,Divorced,59160,6.0,12,0,5.0,2,3,0,2.0,3.0,3.0,3
388,53,No,Travel_Rarely,Research & Development,9,3,Life Sciences,Male,1,Sales Representative,Married,20890,5.0,16,0,28.0,2,2,2,1.0,4.0,3.0,2
389,35,No,Travel_Rarely,Research & Development,1,3,Life Sciences,Male,3,Healthcare Representative,Married,167920,3.0,12,1,16.0,3,13,4,4.0,2.0,3.0,4
390,37,No,Travel_Frequently,Research & Development,13,4,Life Sciences,Female,3,Human Resources,Married,35640,5.0,11,0,10.0,1,5,0,3.0,4.0,3.0,1
391,53,No,Travel_Rarely,Research & Development,1,1,Medical,Male,1,Sales Executive,Single,44250,6.0,22,1,33.0,2,12,3,4.0,4.0,3.0,4
392,43,No,Travel_Frequently,Research & Development,1,3,Medical,Male,1,Laboratory Technician,Married,52650,4.0,11,1,12.0,4,5,2,4.0,4.0,2.0,3
393,47,No,Travel_Rarely,Sales,15,4,Marketing,Female,3,Research Director,Married,65530,0.0,15,0,8.0,2,7,7,3.0,4.0,3.0,3
394,37,No,Non-Travel,Research & Development,1,5,Medical,Female,2,Research Scientist,Single,62610,1.0,12,0,10.0,1,10,0,1.0,2.0,3.0,3
395,50,No,Non-Travel,Research & Development,17,3,Medical,Female,1,Laboratory Technician,Divorced,42980,1.0,20,1,31.0,6,31,14,1.0,1.0,3.0,3
396,39,No,Travel_Rarely,Research & Development,1,3,Other,Female,3,Human Resources,Married,68040,8.0,14,1,13.0,3,5,0,4.0,4.0,3.0,2
397,33,No,Travel_Rarely,Sales,7,3,Life Sciences,Male,2,Manufacturing Director,Divorced,38150,3.0,11,1,7.0,3,4,0,4.0,2.0,4.0,3
398,32,Yes,Travel_Rarely,Research & Development,9,1,Medical,Female,1,Laboratory Technician,Single,27410,1.0,15,1,1.0,5,1,0,1.0,4.0,1.0,2
399,29,No,Travel_Rarely,Research & Development,5,4,Life Sciences,Female,4,Healthcare Representative,Divorced,66730,6.0,12,1,8.0,2,4,0,1.0,4.0,3.0,4
400,44,No,Travel_Rarely,Research & Development,26,2,Life Sciences,Male,2,Manufacturing Director,Married,76390,1.0,14,0,8.0,6,8,7,2.0,1.0,3.0,3
401,28,No,Travel_Rarely,Sales,24,5,Life Sciences,Female,1,Research Scientist,Single,23280,1.0,11,2,4.0,3,4,0,1.0,4.0,3.0,3
402,58,Yes,Travel_Frequently,Sales,9,2,Technical Degree,Male,1,Sales Executive,Divorced,21530,9.0,11,0,3.0,3,1,0,4.0,4.0,2.0,3
403,43,No,Travel_Rarely,Sales,7,4,Marketing,Male,2,Sales Executive,Divorced,48760,4.0,16,2,4.0,4,1,0,1.0,2.0,4.0,3
404,20,Yes,Travel_Rarely,Research & Development,11,3,Medical,Male,2,Sales Executive,Single,93960,1.0,12,0,2.0,6,2,0,3.0,3.0,2.0,1
405,21,Yes,Travel_Rarely,Research & Development,1,3,Medical,Male,2,Sales Executive,Single,104000,1.0,13,1,1.0,2,1,0,2.8,4.0,2.0,3
406,36,No,Travel_Rarely,Research & Development,26,4,Medical,Male,1,Laboratory Technician,Married,84740,0.0,14,0,17.0,3,16,4,3.0,4.0,2.0,3
407,47,No,Travel_Rarely,Research & Development,2,3,Life Sciences,Male,2,Manufacturing Director,Single,99810,1.0,21,1,3.0,3,3,1,4.0,4.0,2.0,3
408,22,Yes,Travel_Rarely,Research & Development,15,4,Life Sciences,Female,1,Laboratory Technician,Married,124900,0.0,13,0,4.0,3,3,0,2.0,3.0,4.0,3
409,41,Yes,Travel_Rarely,Research & Development,23,3,Life Sciences,Female,2,Sales Executive,Divorced,26570,4.0,11,0,10.0,3,7,1,2.0,4.0,2.0,4
410,28,No,Travel_Rarely,Research & Development,10,3,Life Sciences,Female,3,Manager,Divorced,135910,5.0,20,1,6.0,2,2,2,3.0,3.0,3.0,3
411,39,Yes,Travel_Rarely,Research & Development,10,4,Life Sciences,Female,4,Human Resources,Married,66960,7.0,11,0,8.0,3,2,2,4.0,1.0,1.0,3
412,27,No,Travel_Rarely,Research & Development,1,3,Medical,Male,1,Research Scientist,Single,20580,1.0,14,1,1.0,5,1,0,2.0,3.0,3.0,3
413,34,No,Travel_Rarely,Research & Development,12,2,Technical Degree,Male,2,Human Resources,Divorced,88650,1.0,11,1,1.0,0,1,1,2.0,2.0,3.0,3
414,42,No,Travel_Rarely,Sales,11,1,Technical Degree,Male,2,Human Resources,Single,59400,7.0,16,0,10.0,2,5,0,3.0,3.0,3.0,2
415,33,No,Travel_Rarely,Sales,2,3,Marketing,Female,1,Sales Executive,Single,59140,3.0,16,1,6.0,4,3,0,3.0,1.0,3.0,3
416,58,No,Travel_Rarely,Research & Development,2,4,Life Sciences,Male,1,Research Scientist,Divorced,26220,2.0,23,0,24.0,3,6,0,3.0,2.0,3.0,3
417,31,No,Travel_Rarely,Sales,1,3,Life Sciences,Female,1,Sales Representative,Married,121850,3.0,14,0,13.0,2,7,5,2.0,3.0,4.0,3
418,35,No,Travel_Rarely,Research & Development,2,1,Life Sciences,Male,3,Healthcare Representative,Married,106090,1.0,22,0,10.0,3,10,0,4.0,4.0,1.0,3
419,49,No,Travel_Rarely,Research & Development,25,2,Life Sciences,Female,2,Sales Executive,Married,43450,4.0,15,0,29.0,3,26,1,1.0,2.0,2.0,2
420,48,No,Travel_Rarely,Research & Development,1,4,Medical,Male,1,Research Scientist,Married,21770,4.0,18,0,13.0,4,0,0,4.0,3.0,2.0,3
421,31,No,Non-Travel,Research & Development,1,2,Technical Degree,Female,2,Sales Executive,Married,27930,1.0,16,0,9.0,4,9,0,4.0,3.0,2.0,3
422,36,No,Travel_Rarely,Human Resources,2,4,Technical Degree,Male,1,Sales Executive,Single,79180,2.0,12,2,8.0,3,6,0,2.0,4.0,3.0,2
423,38,No,Travel_Rarely,Sales,6,3,Other,Male,2,Sales Executive,Married,87890,1.0,11,3,15.0,4,15,5,4.0,1.0,3.0,3
424,32,No,Non-Travel,Sales,18,3,Marketing,Male,1,Laboratory Technician,Married,23890,6.0,12,1,5.0,4,3,0,3.0,2.0,3.0,2
425,25,Yes,Travel_Rarely,Research & Development,1,2,Life Sciences,Male,1,Sales Executive,Married,32120,1.0,15,1,1.0,3,1,0,3.0,2.0,3.0,2
426,40,No,Travel_Rarely,Research & Development,1,4,Medical,Male,2,Research Scientist,Divorced,192320,2.0,14,1,11.0,3,1,0,1.0,2.0,2.0,3
427,26,No,Travel_Frequently,Sales,11,3,Marketing,Male,2,Healthcare Representative,Single,22670,1.0,19,3,7.0,2,7,0,3.0,1.0,3.0,2
428,41,No,Travel_Rarely,Research & Development,1,4,Medical,Male,1,Research Scientist,Single,195170,2.0,13,0,20.0,5,18,2,4.0,1.0,3.0,3
429,36,No,Travel_Rarely,Research & Development,9,3,Life Sciences,Female,2,Healthcare Representative,Single,24360,4.0,13,0,16.0,3,11,3,3.0,3.0,3.0,1
430,19,Yes,Travel_Rarely,Research & Development,15,3,Life Sciences,Male,2,Research Scientist,Single,160640,1.0,15,1,1.0,3,1,0,4.0,2.0,4.0,3
431,20,Yes,Travel_Rarely,Research & Development,29,3,Life Sciences,Female,3,Laboratory Technician,Single,27070,1.0,11,0,1.0,2,1,0,1.0,1.0,3.0,3
432,31,No,Travel_Rarely,Research & Development,1,4,Life Sciences,Male,4,Research Director,Married,190680,0.0,12,0,10.0,1,9,8,4.0,4.0,1.0,3
433,40,No,Travel_Frequently,Sales,1,3,Marketing,Male,1,Research Scientist,Divorced,39310,8.0,19,0,3.0,2,1,0,4.0,2.0,3.0,2
434,32,No,Travel_Rarely,Research & Development,24,3,Life Sciences,Male,4,Laboratory Technician,Married,37300,1.0,25,1,8.0,4,8,6,3.0,1.0,4.0,3
435,36,Yes,Travel_Rarely,Research & Development,10,3,Medical,Male,3,Sales Executive,Married,22320,1.0,12,1,16.0,2,16,3,3.0,4.0,3.0,3
436,33,No,Travel_Rarely,Research & Development,1,4,Medical,Female,4,Manufacturing Director,Single,44650,0.0,13,0,6.0,3,5,1,2.0,4.0,3.0,3
437,37,Yes,Travel_Rarely,Sales,10,4,Marketing,Female,3,Human Resources,Married,30720,5.0,14,0,17.0,3,14,11,1.0,3.0,1.0,2
438,45,No,Non-Travel,Research & Development,8,1,Life Sciences,Male,2,Sales Executive,Married,33190,1.0,12,1,9.0,3,9,0,3.0,2.0,2.0,3
439,29,No,Travel_Frequently,Research & Development,29,1,Life Sciences,Male,1,Sales Representative,Married,192020,1.0,12,0,3.0,5,3,0,3.0,4.0,3.0,3
440,35,No,Travel_Rarely,Human Resources,1,3,Human Resources,Male,3,Laboratory Technician,Married,136750,1.0,15,3,5.0,5,5,1,3.0,3.0,3.0,2
441,52,No,Travel_Rarely,Research & Development,5,4,Other,Male,1,Laboratory Technician,Married,29110,2.0,17,2,26.0,3,9,7,4.0,4.0,2.0,3
442,58,Yes,Travel_Rarely,Sales,9,2,Medical,Female,4,Sales Executive,Single,59570,4.0,14,1,7.0,2,1,0,4.0,3.0,3.0,1
443,53,No,Travel_Rarely,Research & Development,9,3,Technical Degree,Male,1,Manager,Divorced,39200,6.0,16,1,22.0,3,17,15,3.0,3.0,4.0,3
444,30,No,Travel_Rarely,Sales,3,4,Marketing,Male,1,Sales Executive,Divorced,64340,5.0,14,1,10.0,3,8,7,3.0,3.0,4.0,2
445,38,No,Non-Travel,Sales,4,3,Life Sciences,Male,2,Research Director,Single,100480,1.0,23,1,6.0,2,5,1,3.0,4.0,3.0,3
446,35,No,Travel_Rarely,Sales,1,2,Life Sciences,Female,2,Healthcare Representative,Divorced,109380,6.0,14,2,12.0,2,10,0,4.0,4.0,3.0,1
447,39,No,Travel_Rarely,Sales,1,1,Marketing,Male,2,Research Scientist,Single,23400,0.0,11,1,9.0,2,8,0,1.0,3.0,3.0,2
448,40,Yes,Non-Travel,Research & Development,2,4,Life Sciences,Male,1,Human Resources,Single,65450,4.0,15,0,22.0,2,1,0,2.0,2.0,2.0,3
449,47,No,Travel_Frequently,Research & Development,7,4,Life Sciences,Male,3,Sales Executive,Divorced,69310,1.0,11,0,20.0,3,19,2,3.0,3.0,4.0,3
450,36,No,Non-Travel,Sales,28,1,Life Sciences,Male,2,Research Scientist,Divorced,48980,4.0,13,1,12.0,3,7,0,1.0,4.0,3.0,3
451,31,Yes,Non-Travel,Research & Development,28,4,Medical,Male,2,Research Scientist,Single,25930,0.0,21,0,4.0,2,3,1,3.0,1.0,3.0,3
452,33,No,Non-Travel,Sales,15,3,Other,Male,4,Research Director,Single,194360,1.0,19,2,10.0,4,10,6,4.0,3.0,3.0,3
453,29,Yes,Travel_Rarely,Human Resources,3,5,Life Sciences,Male,1,Sales Executive,Single,27230,6.0,11,1,3.0,2,0,0,4.0,1.0,3.0,2
454,33,No,Travel_Rarely,Research & Development,2,2,Technical Degree,Male,2,Laboratory Technician,Single,34790,3.0,12,0,5.0,3,3,0,2.0,4.0,3.0,3
455,45,No,Travel_Rarely,Research & Development,26,1,Medical,Female,3,Healthcare Representative,Divorced,27940,3.0,19,1,8.0,2,5,0,4.0,4.0,3.0,3
456,50,No,Travel_Rarely,Sales,10,1,Life Sciences,Female,1,Manufacturing Director,Divorced,52490,9.0,21,2,32.0,2,5,1,4.0,4.0,2.0,2
457,33,No,Travel_Frequently,Sales,1,3,Marketing,Male,2,Human Resources,Married,21760,1.0,14,1,6.0,2,6,1,3.0,2.0,3.0,2
458,41,No,Travel_Frequently,Sales,11,3,Other,Male,1,Laboratory Technician,Divorced,168720,2.0,15,1,21.0,2,18,0,1.0,3.0,4.0,3
459,27,No,Travel_Rarely,Research & Development,20,4,Other,Male,2,Manufacturing Director,Married,34850,9.0,17,2,4.0,2,2,2,3.0,2.0,3.0,3
460,45,No,Non-Travel,Sales,2,3,Medical,Female,1,Sales Executive,Married,66440,1.0,12,0,9.0,3,9,0,4.0,1.0,3.0,4
461,47,No,Travel_Rarely,Sales,18,4,Medical,Female,2,Research Scientist,Single,55820,1.0,16,0,9.0,3,9,0,4.0,4.0,3.0,3
462,30,Yes,Travel_Rarely,Sales,2,3,Life Sciences,Male,2,Healthcare Representative,Married,40000,4.0,12,0,7.0,5,5,0,1.0,3.0,3.0,2
463,50,No,Travel_Rarely,Research & Development,1,3,Technical Degree,Female,2,Sales Executive,Married,134960,3.0,18,1,22.0,3,12,1,4.0,3.0,3.0,3
464,38,No,Travel_Frequently,Research & Development,13,3,Technical Degree,Male,1,Manufacturing Director,Married,32100,0.0,17,2,3.0,5,2,0,3.0,3.0,2.0,2
465,46,No,Travel_Rarely,Research & Development,28,3,Medical,Female,3,Human Resources,Divorced,190450,6.0,11,3,13.0,2,8,0,4.0,3.0,3.0,3
466,24,No,Travel_Rarely,Sales,28,3,Life Sciences,Female,1,Healthcare Representative,Divorced,118490,1.0,16,1,5.0,3,4,3,4.0,3.0,3.0,3
467,35,Yes,Travel_Rarely,Sales,24,3,Medical,Male,3,Healthcare Representative,Divorced,20700,1.0,13,3,5.0,1,4,0,3.0,2.0,1.0,2
468,31,No,Travel_Frequently,Research & Development,5,2,Technical Degree,Male,2,Sales Executive,Married,65020,1.0,12,0,4.0,3,4,0,3.0,1.0,3.0,3
469,18,No,Non-Travel,Sales,5,4,Other,Male,2,Manager,Single,32300,1.0,12,1,0.0,3,0,0,2.0,4.0,3.0,3
470,54,No,Travel_Rarely,Sales,23,3,Medical,Female,1,Laboratory Technician,Married,136030,8.0,13,1,22.0,2,10,0,3.0,3.0,3.0,3
471,35,No,Travel_Rarely,Research & Development,6,4,Medical,Female,1,Manufacturing Director,Divorced,119960,1.0,19,2,16.0,3,16,10,3.0,3.0,2.0,3
472,30,No,Travel_Rarely,Research & Development,4,3,Life Sciences,Female,5,Healthcare Representative,Married,56050,0.0,12,1,9.0,0,8,1,2.0,1.0,2.0,2
473,20,Yes,Travel_Rarely,Research & Development,2,2,Life Sciences,Female,2,Research Scientist,Single,63970,1.0,17,1,1.0,3,1,0,4.0,1.0,3.0,3
474,30,Yes,Travel_Frequently,Research & Development,8,4,Medical,Male,1,Sales Executive,Single,191440,0.0,11,0,4.0,3,3,1,2.0,2.0,3.0,3
475,26,No,Travel_Rarely,Sales,1,3,Marketing,Female,2,Research Scientist,Married,175840,1.0,20,0,8.0,2,8,1,4.0,4.0,3.0,3
476,22,No,Travel_Rarely,Research & Development,8,3,Other,Male,2,Sales Representative,Married,49070,1.8,21,1,4.0,2,4,1,2.0,1.0,2.0,3
477,48,No,Travel_Rarely,Human Resources,2,4,Medical,Male,2,Sales Executive,Single,45540,2.0,11,2,19.0,3,2,2,1.0,3.0,3.0,3
478,48,No,Travel_Rarely,Sales,3,3,Medical,Male,1,Research Director,Single,54150,7.0,11,1,27.0,1,15,4,3.0,3.0,3.0,3
479,41,No,Travel_Rarely,Research & Development,2,3,Life Sciences,Male,2,Research Scientist,Single,47410,6.0,16,0,8.0,3,2,2,4.0,3.0,3.0,3
480,39,No,Travel_Rarely,Sales,2,3,Life Sciences,Male,3,Human Resources,Married,21150,1.0,18,0,21.0,3,21,11,4.0,4.0,3.0,4
481,27,No,Travel_Rarely,Research & Development,3,3,Life Sciences,Male,2,Human Resources,Married,31610,0.0,13,2,4.0,0,3,2,1.0,4.0,3.0,3
482,35,No,Travel_Rarely,Sales,24,3,Medical,Male,5,Sales Executive,Divorced,57450,1.0,17,3,3.0,4,3,1,2.0,4.0,2.0,3
483,42,No,Travel_Rarely,Research & Development,23,4,Other,Male,1,Research Scientist,Married,23730,6.0,14,1,21.0,3,1,0,4.0,3.0,3.4,4
484,50,No,Travel_Rarely,Sales,27,3,Medical,Male,2,Sales Executive,Married,33100,4.0,22,1,8.0,3,1,0,1.0,4.0,3.0,4
485,59,No,Travel_Rarely,Research & Development,16,4,Medical,Female,5,Laboratory Technician,Single,186650,3.0,12,0,30.0,3,5,4,3.0,4.0,3.0,2
486,37,Yes,Travel_Rarely,Sales,15,3,Marketing,Male,2,Laboratory Technician,Married,44850,5.0,11,1,15.0,2,1,0,1.0,2.0,1.0,4
487,55,No,Travel_Frequently,Research & Development,26,2,Life Sciences,Female,2,Sales Executive,Married,27890,3.0,13,1,17.0,2,8,6,3.0,2.0,3.0,2
488,41,No,Non-Travel,Research & Development,19,1,Life Sciences,Male,2,Research Scientist,Divorced,58280,1.0,13,0,21.0,0,21,5,2.0,3.0,3.0,3
489,38,No,Travel_Rarely,Research & Development,24,2,Other,Female,1,Laboratory Technician,Single,23260,8.0,14,0,19.0,3,1,0,2.8,4.0,3.0,4
490,26,Yes,Non-Travel,Research & Development,21,1,Life Sciences,Female,1,Manufacturing Director,Single,135250,8.0,17,1,7.0,4,2,2,2.0,1.0,3.0,2
491,52,Yes,Travel_Rarely,Research & Development,5,4,Medical,Female,4,Human Resources,Married,14200,1.0,13,1,33.0,2,32,6,1.0,4.0,3.0,4
492,44,No,Travel_Rarely,Research & Development,16,3,Life Sciences,Female,1,Healthcare Representative,Married,80200,3.0,11,1,23.0,2,12,11,4.0,4.0,3.0,3
493,50,No,Non-Travel,Human Resources,2,2,Life Sciences,Male,1,Laboratory Technician,Married,36880,0.0,11,0,19.0,3,18,0,4.0,3.0,3.0,2
494,36,Yes,Travel_Rarely,Sales,2,4,Technical Degree,Male,4,Sales Executive,Single,54820,1.0,18,0,18.0,3,17,15,3.0,1.0,3.0,3
495,39,No,Travel_Frequently,Sales,11,3,Marketing,Male,1,Sales Executive,Single,160150,1.0,11,0,21.0,3,21,2,4.0,1.0,3.0,4
496,33,No,Non-Travel,Sales,9,2,Technical Degree,Male,5,Sales Representative,Single,12000,0.0,11,1,3.0,3,2,2,2.0,4.0,2.0,3
497,45,No,Travel_Rarely,Research & Development,7,2,Other,Male,1,Human Resources,Married,56610,3.0,12,0,26.0,2,9,1,4.0,4.0,4.0,2
498,32,No,Non-Travel,Research & Development,15,3,Medical,Male,2,Manager,Single,69290,9.0,20,0,10.0,6,8,7,4.0,3.0,3.0,1
499,34,No,Travel_Rarely,Sales,6,4,Marketing,Male,2,Research Director,Divorced,96130,0.0,12,1,16.0,5,15,0,2.0,4.0,2.0,2
500,59,No,Travel_Rarely,Research & Development,5,3,Life Sciences,Male,2,Research Scientist,Married,56740,3.0,12,0,14.0,6,6,0,2.0,4.0,1.0,3
501,45,No,Travel_Rarely,Research & Development,16,1,Medical,Male,2,Sales Executive,Single,54840,1.0,20,3,6.0,6,6,0,2.0,2.0,3.0,3
502,53,No,Travel_Frequently,Sales,8,2,Medical,Male,2,Research Scientist,Married,120610,2.0,20,1,30.0,2,15,6,3.0,2.0,3.0,4
503,36,Yes,Travel_Rarely,Research & Development,7,2,Life Sciences,Female,1,Research Scientist,Divorced,56600,7.0,12,0,9.0,3,1,0,1.0,3.0,2.0,3
504,26,Yes,Travel_Frequently,Sales,2,3,Life Sciences,Male,2,Research Scientist,Married,48210,6.0,14,2,6.0,2,3,1,1.0,1.0,3.0,3
505,34,No,Travel_Rarely,Research & Development,2,2,Life Sciences,Male,1,Sales Representative,Married,64100,1.0,13,1,1.0,5,1,0,3.0,3.0,3.0,2
506,28,No,Travel_Rarely,Research & Development,10,3,Other,Male,2,Sales Representative,Married,52100,1.0,15,0,1.0,1,1,0,4.0,2.0,3.0,4
507,38,No,Travel_Frequently,Sales,9,4,Medical,Male,2,Research Scientist,Married,26950,3.0,14,1,8.0,4,2,2,3.0,3.0,3.0,1
508,50,No,Travel_Rarely,Research & Development,5,4,Life Sciences,Male,1,Sales Executive,Married,118780,2.0,13,1,29.0,2,8,7,2.0,3.0,2.0,3
509,37,No,Travel_Rarely,Research & Development,1,3,Life Sciences,Male,1,Laboratory Technician,Single,170680,3.0,23,0,8.0,6,4,0,4.0,2.0,2.0,3
510,40,No,Travel_Rarely,Human Resources,2,3,Medical,Male,5,Sales Executive,Married,24550,1.0,15,1,8.0,2,7,7,3.0,1.0,2.0,3
511,26,No,Travel_Frequently,Research & Development,3,3,Medical,Male,2,Laboratory Technician,Divorced,139640,1.0,11,2,5.0,1,5,1,1.0,3.0,3.0,2
512,46,No,Travel_Rarely,Research & Development,2,1,Medical,Female,3,Research Scientist,Divorced,49410,9.0,13,2,23.0,2,2,2,4.0,4.0,3.0,2
513,54,No,Travel_Rarely,Research & Development,5,3,Medical,Female,2,Manufacturing Director,Married,24780,6.0,11,0,13.0,0,9,7,3.0,3.0,3.0,3
514,56,No,Travel_Frequently,Research & Development,1,2,Life Sciences,Female,2,Manufacturing Director,Married,52280,2.0,11,0,18.0,4,5,0,1.0,3.0,3.0,3
515,36,No,Travel_Rarely,Research & Development,4,2,Life Sciences,Female,2,Human Resources,Single,44780,0.0,18,1,15.0,3,14,7,4.0,4.0,2.0,3
516,55,No,Non-Travel,Research & Development,2,3,Medical,Female,2,Manager,Single,75470,7.0,16,0,31.0,2,9,6,3.0,1.0,4.0,2
517,43,No,Travel_Rarely,Sales,25,2,Life Sciences,Male,3,Research Scientist,Divorced,50550,5.0,22,0,18.0,2,1,0,3.0,4.0,3.0,2
518,20,Yes,Travel_Frequently,Sales,8,3,Marketing,Male,3,Sales Executive,Single,34640,1.0,20,0,2.0,3,2,0,4.0,4.0,3.0,2
519,21,Yes,Travel_Rarely,Research & Development,1,4,Life Sciences,Male,1,Manager,Single,57750,1.0,18,0,1.0,2,1,1,3.0,1.0,2.0,3
520,46,No,Travel_Rarely,Sales,12,3,Marketing,Female,3,Healthcare Representative,Divorced,89430,8.0,12,1,19.0,6,16,1,4.0,1.0,3.0,3
521,51,Yes,Travel_Rarely,Sales,23,3,Medical,Female,2,Research Scientist,Married,192720,9.0,20,0,18.0,2,10,2,1.0,3.0,4.0,3
522,28,Yes,Non-Travel,Research & Development,19,4,Life Sciences,Female,4,Laboratory Technician,Single,52380,1.0,17,1,10.0,4,10,1,2.0,1.0,2.0,2
523,26,No,Travel_Rarely,Research & Development,5,4,Medical,Female,2,Sales Executive,Married,46820,1.0,11,1,6.0,3,5,1,1.0,1.0,3.0,1
524,30,No,Travel_Rarely,Research & Development,8,3,Medical,Female,1,Sales Executive,Married,183000,0.0,14,0,7.0,6,6,0,3.0,1.0,2.0,3
525,41,No,Travel_Rarely,Sales,1,4,Life Sciences,Female,1,Research Director,Married,52570,1.0,14,0,10.0,2,10,0,2.0,3.0,3.0,4
526,38,No,Travel_Rarely,Research & Development,5,3,Technical Degree,Male,1,Sales Executive,Married,63490,0.0,11,0,20.0,3,19,1,3.0,3.0,2.0,3
527,40,No,Travel_Rarely,Sales,1,4,Marketing,Male,1,Sales Executive,Married,48690,4.0,12,0,14.0,2,11,11,1.0,4.0,3.0,3
528,27,No,Non-Travel,Sales,11,3,Technical Degree,Female,2,Laboratory Technician,Married,99850,1.0,14,1,3.0,3,3,1,1.0,3.0,3.0,2
529,55,No,Travel_Frequently,Research & Development,23,5,Life Sciences,Male,3,Laboratory Technician,Married,36970,3.0,13,1,23.0,1,3,1,4.0,2.0,3.0,3
530,28,No,Travel_Rarely,Research & Development,1,3,Life Sciences,Male,2,Healthcare Representative,Single,74570,3.0,11,2,10.0,1,8,1,3.0,3.0,4.0,4
531,44,Yes,Travel_Rarely,Research & Development,18,4,Life Sciences,Female,2,Sales Executive,Married,21190,9.0,15,0,24.0,3,20,3,2.0,1.0,3.0,3
532,33,No,Travel_Rarely,Sales,23,4,Marketing,Female,4,Sales Executive,Divorced,39830,4.0,12,0,9.0,3,3,1,4.0,4.0,3.0,3
533,35,Yes,Travel_Rarely,Sales,7,4,Life Sciences,Male,3,Sales Representative,Single,61180,0.0,21,1,9.0,3,8,4,4.0,1.0,3.0,2
534,33,Yes,Travel_Frequently,Research & Development,1,2,Life Sciences,Female,1,Sales Executive,Single,62140,1.0,19,2,14.0,3,13,3,1.0,3.0,3.0,3
535,28,No,Travel_Rarely,Human Resources,1,1,Human Resources,Male,2,Research Scientist,Divorced,63470,1.0,15,1,4.0,2,4,2,1.0,3.0,2.0,3
536,34,No,Travel_Frequently,Sales,29,4,Marketing,Male,1,Research Scientist,Single,115100,0.0,14,1,7.0,5,6,0,1.0,4.0,2.0,3
537,37,No,Travel_Rarely,Research & Development,7,4,Life Sciences,Male,4,Sales Executive,Divorced,71430,2.0,21,0,8.0,6,1,0,4.0,4.0,3.0,2
538,25,Yes,Travel_Rarely,Human Resources,25,4,Human Resources,Female,2,Research Scientist,Married,82680,1.0,12,0,7.0,3,7,5,4.0,4.0,4.0,2
539,26,Yes,Travel_Rarely,Sales,8,2,Marketing,Male,2,Sales Executive,Divorced,80950,1.0,15,0,1.0,3,1,0,1.0,3.0,2.0,4
540,33,Yes,Travel_Rarely,Research & Development,8,2,Life Sciences,Male,4,Manufacturing Director,Single,29040,4.0,13,0,5.0,2,2,2,1.0,2.0,3.0,3
541,42,No,Travel_Rarely,Research & Development,11,1,Life Sciences,Male,4,Research Scientist,Married,60320,0.0,14,0,23.0,2,22,13,4.0,1.0,3.0,2
542,28,Yes,Travel_Frequently,Research & Development,7,3,Life Sciences,Male,2,Manager,Divorced,29760,1.0,14,0,1.0,3,1,0,1.0,2.0,3.0,3
543,50,Yes,Travel_Frequently,Research & Development,1,4,Medical,Male,2,Research Scientist,Single,159920,3.0,14,0,5.0,3,0,0,4.0,3.0,3.0,3
544,33,No,Travel_Frequently,Sales,9,3,Medical,Female,2,Research Scientist,Married,46490,0.0,12,0,4.0,2,3,0,4.0,2.0,3.0,2
545,34,No,Non-Travel,Sales,1,1,Marketing,Female,2,Research Director,Married,26960,3.0,23,0,6.0,3,0,0,3.0,4.0,3.0,3
546,48,No,Non-Travel,Sales,2,1,Life Sciences,Male,2,Sales Executive,Single,23700,2.0,11,0,27.0,3,5,2,1.0,4.0,2.0,3
547,45,No,Non-Travel,Research & Development,1,3,Medical,Female,2,Human Resources,Married,125040,1.0,12,1,15.0,2,15,4,2.0,3.0,3.0,3
548,52,No,Travel_Rarely,Sales,1,3,Life Sciences,Male,1,Sales Executive,Single,59740,7.0,18,1,18.0,6,8,4,2.0,2.0,3.0,3
549,38,No,Travel_Rarely,Research & Development,6,2,Medical,Male,1,Research Scientist,Divorced,47360,0.0,11,1,9.0,3,8,2,3.0,3.0,3.0,2
550,29,No,Travel_Rarely,Research & Development,8,3,Medical,Female,4,Research Scientist,Divorced,52960,4.0,14,0,11.0,3,7,1,3.0,4.0,3.0,4
551,28,No,Travel_Rarely,Human Resources,1,3,Human Resources,Female,4,Laboratory Technician,Divorced,67810,0.0,15,1,10.0,2,9,1,4.0,2.0,2.0,3
552,46,No,Travel_Rarely,Research & Development,6,4,Medical,Male,3,Sales Executive,Married,21740,3.0,11,1,23.0,3,12,4,1.0,3.0,3.0,3
553,38,No,Travel_Rarely,Research & Development,7,4,Medical,Male,1,Sales Executive,Single,66530,7.0,20,1,10.0,2,1,0,4.0,2.0,3.0,3
554,43,No,Travel_Frequently,Research & Development,5,3,Medical,Female,2,Laboratory Technician,Married,96990,8.0,19,1,18.0,3,8,0,3.0,1.0,3.0,3
555,39,Yes,Travel_Frequently,Sales,1,3,Marketing,Male,2,Healthcare Representative,Divorced,67550,7.0,14,1,21.0,2,18,11,1.0,4.0,3.0,3
556,40,No,Travel_Rarely,Research & Development,1,1,Life Sciences,Male,1,Healthcare Representative,Single,22130,1.0,17,0,21.0,4,20,4,3.0,3.0,4.0,3
557,21,No,Travel_Rarely,Research & Development,1,4,Life Sciences,Female,1,Research Scientist,Single,26100,1.0,11,1,2.0,3,2,2,4.0,2.0,4.0,2
558,39,No,Non-Travel,Research & Development,6,3,Life Sciences,Male,1,Laboratory Technician,Single,28510,9.0,15,0,9.0,2,5,0,3.0,2.0,2.0,3
559,36,No,Non-Travel,Research & Development,1,3,Medical,Male,3,Sales Representative,Single,34520,2.0,13,3,18.0,4,11,0,1.0,4.0,3.0,4
560,31,No,Travel_Frequently,Research & Development,7,3,Life Sciences,Male,1,Sales Executive,Married,52580,0.0,14,3,3.0,5,2,2,3.0,4.0,3.0,3
561,28,No,Travel_Rarely,Sales,2,4,Marketing,Male,1,Sales Executive,Married,93550,0.0,11,0,6.0,4,5,0,1.0,2.0,1.0,3
562,35,No,Travel_Frequently,Research & Development,9,2,Other,Female,1,Manufacturing Director,Divorced,104960,1.0,13,1,5.0,2,5,0,4.0,4.0,3.0,3
563,49,No,Travel_Rarely,Sales,2,2,Medical,Female,1,Sales Executive,Married,63800,6.0,23,1,22.0,1,9,2,4.0,2.0,3.0,2
564,34,No,Travel_Frequently,Sales,9,1,Technical Degree,Male,2,Sales Executive,Single,26570,2.0,13,1,5.0,3,3,0,4.0,3.0,2.0,2
565,29,No,Travel_Frequently,Research & Development,1,4,Medical,Male,3,Research Scientist,Divorced,27160,0.0,18,0,8.0,2,7,1,4.0,2.0,2.0,1
566,42,No,Travel_Rarely,Sales,21,2,Life Sciences,Female,1,Healthcare Representative,Single,22010,4.0,12,1,16.0,3,1,0,2.0,4.0,3.0,4
567,29,No,Travel_Rarely,Sales,4,2,Other,Female,2,Healthcare Representative,Married,65400,1.0,22,0,10.0,2,10,1,2.0,4.0,2.0,1
568,38,No,Travel_Rarely,Research & Development,1,3,Medical,Female,1,Human Resources,Married,38160,1.0,13,2,7.0,2,7,5,3.0,3.0,4.0,2
569,28,No,Travel_Frequently,Sales,6,4,Life Sciences,Male,1,Manager,Divorced,52530,1.0,15,0,3.0,2,3,0,3.0,3.0,3.0,3
570,18,Yes,Non-Travel,Research & Development,2,4,Medical,Male,3,Laboratory Technician,Single,109650,1.0,18,0,0.0,5,0,0,3.0,3.0,3.0,4
571,33,Yes,Travel_Rarely,Research & Development,3,2,Life Sciences,Male,1,Sales Executive,Single,49360,0.0,14,0,6.0,2,5,0,1.0,1.0,3.0,2
572,41,No,Travel_Rarely,Research & Development,4,2,Medical,Male,2,Research Scientist,Married,25430,3.0,12,0,6.0,3,1,0,2.0,4.0,3.0,3
573,31,Yes,Travel_Frequently,Sales,10,3,Technical Degree,Female,1,Research Director,Married,53040,1.0,17,0,2.0,3,2,2,3.0,3.0,2.0,4
574,37,No,Travel_Rarely,Research & Development,23,3,Life Sciences,Male,3,Manufacturing Director,Divorced,166590,7.0,16,1,12.4,2,6,1,3.0,4.0,3.0,3
575,27,No,Travel_Rarely,Research & Development,6,2,Medical,Female,1,Healthcare Representative,Married,42600,1.0,11,2,4.0,2,4,2,4.0,3.0,3.0,3
576,34,No,Travel_Rarely,Sales,1,1,Marketing,Female,2,Laboratory Technician,Married,24760,1.0,19,0,6.0,2,6,1,2.0,3.0,2.0,3
577,35,No,Travel_Rarely,Research & Development,6,3,Life Sciences,Female,3,Laboratory Technician,Single,31020,1.0,13,1,6.0,3,5,1,3.0,3.0,1.0,2
578,29,Yes,Travel_Rarely,Research & Development,6,3,Life Sciences,Male,1,Sales Executive,Married,22440,1.0,12,3,11.0,5,11,3,4.0,1.0,1.0,1
579,40,No,Travel_Frequently,Research & Development,2,4,Medical,Male,4,Human Resources,Single,75960,9.0,11,0,20.0,0,18,2,2.0,3.0,2.0,1
580,42,Yes,Travel_Frequently,Sales,2,4,Life Sciences,Male,1,Laboratory Technician,Single,22850,0.0,16,0,22.0,3,21,13,3.0,1.0,2.0,1
581,42,No,Travel_Rarely,Research & Development,1,2,Life Sciences,Male,4,Laboratory Technician,Single,30340,7.0,21,1,9.0,3,6,1,2.0,1.0,4.0,2
582,35,No,Travel_Rarely,Research & Development,5,3,Medical,Male,1,Healthcare Representative,Married,57150,6.0,24,2,10.0,0,8,1,4.0,3.0,3.0,3
583,24,No,Travel_Rarely,Sales,7,4,Life Sciences,Female,1,Laboratory Technician,Single,25760,8.0,17,3,6.0,3,4,1,4.0,2.0,3.0,3
584,28,Yes,Travel_Rarely,Research & Development,15,4,Life Sciences,Male,2,Sales Executive,Married,41970,1.0,13,0,1.0,3,1,0,3.0,4.0,2.0,1
585,26,No,Travel_Rarely,Research & Development,1,4,Life Sciences,Male,2,Sales Representative,Married,143360,1.0,21,1,8.0,3,8,0,1.0,4.0,3.0,3
586,30,No,Travel_Rarely,Research & Development,7,2,Life Sciences,Female,1,Manufacturing Director,Married,34480,1.0,11,0,10.0,3,10,1,3.0,2.2,3.0,3
587,40,No,Travel_Frequently,Research & Development,26,4,Life Sciences,Male,2,Research Scientist,Married,194060,3.0,20,3,16.0,2,1,0,3.0,4.0,1.0,3
588,35,No,Travel_Rarely,Research & Development,18,5,Medical,Female,2,Research Scientist,Divorced,65380,2.0,16,1,15.0,3,7,6,3.0,2.0,4.0,3
589,34,No,Travel_Frequently,Research & Development,6,2,Life Sciences,Male,1,Research Director,Single,43060,0.0,11,0,14.0,2,13,4,4.0,1.0,3.0,3
590,35,No,Travel_Frequently,Research & Development,3,3,Medical,Female,2,Laboratory Technician,Married,22580,1.0,11,1,2.0,2,2,2,4.0,4.0,4.0,3
591,43,Yes,Travel_Rarely,Sales,5,3,Marketing,Female,3,Research Scientist,Single,45220,8.0,15,1,7.0,3,4,1,1.0,3.0,2.0,3
592,32,No,Non-Travel,Research & Development,11,2,Other,Female,2,Research Scientist,Divorced,44870,1.0,11,0,1.0,5,1,0,3.0,1.0,3.0,2
593,56,No,Travel_Rarely,Research & Development,3,2,Other,Male,2,Healthcare Representative,Divorced,44490,4.0,15,0,28.0,3,5,4,4.0,1.0,3.0,1
594,29,No,Travel_Rarely,Research & Development,26,1,Life Sciences,Male,1,Laboratory Technician,Married,22180,1.0,24,1,10.0,1,10,0,2.0,4.0,3.0,3
595,19,No,Travel_Rarely,Research & Development,23,4,Life Sciences,Male,2,Laboratory Technician,Single,191970,1.0,12,0,1.0,2,1,0,3.0,1.0,3.0,3
596,45,No,Travel_Rarely,Research & Development,22,3,Life Sciences,Female,2,Sales Representative,Married,132120,4.0,13,0,7.0,4,3,0,1.0,3.0,2.0,3
597,37,No,Travel_Rarely,Research & Development,14,4,Life Sciences,Male,3,Research Scientist,Married,65770,1.0,13,0,14.0,1,14,3,4.0,4.0,2.0,1
598,20,No,Travel_Rarely,Research & Development,6,3,Medical,Male,5,Research Director,Single,83920,1.0,17,0,2.0,5,2,1,1.0,3.0,2.0,3
599,44,Yes,Travel_Rarely,Human Resources,6,2,Human Resources,Male,3,Sales Executive,Single,45580,1.0,13,1,6.0,2,6,0,3.0,3.0,3.0,1
600,53,No,Travel_Rarely,Research & Development,6,4,Life Sciences,Male,1,Research Director,Divorced,40310,3.0,12,1,26.0,3,7,4,4.0,3.0,3.0,2
601,29,No,Travel_Rarely,Research & Development,23,3,Medical,Male,1,Sales Executive,Married,79690,0.0,14,0,6.0,3,5,1,2.0,4.0,2.0,3
602,22,Yes,Travel_Frequently,Research & Development,22,4,Medical,Male,1,Sales Representative,Married,26540,0.0,24,0,1.0,5,0,0,3.0,4.0,3.0,2
603,46,No,Travel_Rarely,Research & Development,2,3,Life Sciences,Male,2,Research Scientist,Married,165550,8.0,14,2,28.0,4,26,15,3.0,1.0,3.0,3
604,44,No,Non-Travel,Research & Development,20,3,Life Sciences,Male,1,Sales Representative,Single,45560,2.0,13,0,6.0,4,0,0,4.0,3.0,3.0,3
605,33,No,Travel_Rarely,Research & Development,28,4,Life Sciences,Female,1,Manager,Married,60910,1.0,15,0,5.0,6,5,1,2.0,3.0,3.0,1
606,41,Yes,Non-Travel,Research & Development,12,3,Life Sciences,Male,2,Sales Representative,Divorced,195660,6.0,16,0,5.0,2,1,0,1.0,1.0,1.0,4
607,30,No,Travel_Rarely,Sales,20,3,Marketing,Male,3,Sales Executive,Divorced,48100,8.0,18,0,8.0,3,4,0,3.0,1.0,3.0,2
608,40,No,Travel_Frequently,Sales,9,3,Medical,Male,1,Manufacturing Director,Married,45230,5.0,16,1,5.0,5,0,0,2.0,2.0,3.0,4
609,50,No,Travel_Frequently,Research & Development,25,4,Life Sciences,Female,2,Healthcare Representative,Married,32020,2.0,24,1,32.0,2,2,2,4.0,1.0,3.2,3
610,28,No,Travel_Rarely,Research & Development,6,3,Technical Degree,Male,2,Research Scientist,Married,23510,1.0,16,0,6.0,4,6,3,4.0,1.0,3.0,3
611,46,No,Travel_Rarely,Research & Development,8,4,Other,Male,3,Manager,Married,17020,5.0,21,0,25.0,2,4,0,4.0,2.0,3.0,3
612,35,No,Travel_Rarely,Sales,4,4,Marketing,Male,1,Laboratory Technician,Married,180410,3.0,20,1,15.0,3,7,1,3.0,1.0,3.0,2
613,24,Yes,Travel_Rarely,Human Resources,28,4,Human Resources,Male,3,Manufacturing Director,Married,28860,1.0,19,1,1.0,5,1,0,4.0,2.0,1.0,3
614,33,No,Travel_Frequently,Research & Development,9,2,Medical,Female,1,Sales Executive,Married,20970,1.0,14,2,10.0,5,10,0,2.0,3.0,2.0,2
615,36,No,Travel_Rarely,Research & Development,9,2,Medical,Male,2,Sales Executive,Divorced,119350,1.0,11,3,7.0,6,7,1,3.0,3.0,3.0,4
616,30,No,Travel_Rarely,Sales,29,3,Marketing,Male,1,Sales Executive,Divorced,25460,1.0,14,1,10.0,2,10,8,3.0,3.0,2.0,3
617,44,No,Travel_Rarely,Research & Development,3,4,Medical,Male,2,Research Scientist,Single,25640,1.0,12,3,20.0,3,20,13,4.0,4.0,3.0,1
618,20,No,Travel_Rarely,Research & Development,18,4,Medical,Male,1,Human Resources,Single,84120,1.0,13,0,2.0,2,2,2,3.0,4.0,3.0,2
619,46,No,Travel_Rarely,Sales,9,1,Medical,Female,1,Sales Executive,Divorced,141180,2.0,22,0,12.0,3,6,1,4.0,4.0,2.0,3
620,42,No,Non-Travel,Research & Development,5,4,Medical,Male,5,Sales Executive,Married,170460,7.0,11,0,10.0,3,4,0,4.0,1.0,4.0,2
621,60,No,Travel_Rarely,Sales,2,2,Life Sciences,Male,2,Sales Executive,Divorced,25640,0.0,14,1,12.0,3,11,1,2.0,4.0,3.0,3
622,32,No,Travel_Frequently,Sales,10,3,Life Sciences,Female,1,Sales Executive,Married,102660,1.0,11,0,2.0,3,2,2,3.0,2.0,3.0,3
623,32,No,Travel_Frequently,Research & Development,9,3,Life Sciences,Female,2,Research Scientist,Single,50700,4.0,12,1,10.0,6,8,0,4.0,3.0,3.0,3
624,36,No,Travel_Rarely,Sales,3,2,Marketing,Male,4,Healthcare Representative,Divorced,178610,2.0,18,0,17.0,2,7,7,3.0,1.0,3.0,2
625,33,No,Travel_Rarely,Sales,26,2,Marketing,Male,1,Research Scientist,Married,42300,0.0,12,0,15.0,0,14,4,1.0,4.0,3.0,3
626,40,No,Travel_Rarely,Research & Development,1,3,Medical,Female,2,Research Scientist,Divorced,37800,7.0,12,0,7.0,2,5,1,2.0,2.0,4.0,1
627,25,No,Travel_Rarely,Research & Development,6,2,Medical,Female,1,Laboratory Technician,Single,27680,0.0,22,1,5.0,0,4,1,3.0,4.0,3.0,3
628,30,No,Travel_Rarely,Sales,9,3,Marketing,Female,1,Research Scientist,Married,90710,0.0,19,1,12.0,2,11,5,4.0,2.0,3.0,2
629,42,No,Travel_Frequently,Human Resources,8,2,Medical,Male,1,Sales Executive,Married,106480,3.0,13,1,20.0,1,1,0,1.0,1.0,3.0,3
630,35,No,Non-Travel,Research & Development,1,1,Life Sciences,Male,2,Sales Executive,Married,136100,4.0,22,2,16.0,4,13,4,3.0,4.0,2.0,2
631,27,No,Travel_Rarely,Research & Development,7,3,Life Sciences,Male,3,Manufacturing Director,Married,34080,1.0,24,0,9.0,2,9,6,1.0,1.0,2.0,3
632,54,No,Travel_Frequently,Research & Development,9,2,Medical,Male,2,Sales Representative,Divorced,29830,7.0,14,1,33.0,2,5,1,4.0,3.0,1.0,2
633,44,No,Travel_Rarely,Human Resources,4,4,Life Sciences,Male,5,Laboratory Technician,Married,76320,1.0,21,0,10.0,3,10,7,1.0,4.0,3.0,3
634,19,Yes,Non-Travel,Sales,2,2,Other,Male,3,Healthcare Representative,Single,98240,1.0,18,0,1.0,2,1,0,1.0,2.0,4.0,3
635,29,No,Travel_Rarely,Research & Development,19,4,Life Sciences,Male,1,Manufacturing Director,Divorced,99500,1.0,20,0,3.0,3,3,1,1.0,4.0,3.0,3
636,54,No,Travel_Rarely,Research & Development,9,4,Life Sciences,Male,2,Sales Executive,Married,20930,3.0,19,0,36.0,2,10,0,4.0,4.0,3.0,3
637,31,No,Travel_Rarely,Research & Development,21,3,Life Sciences,Male,2,Laboratory Technician,Married,99800,1.0,12,0,6.0,1,6,0,3.0,1.0,2.0,3
638,31,No,Travel_Rarely,Sales,24,1,Marketing,Female,1,Sales Executive,Single,38940,1.0,12,0,10.0,3,10,1,3.0,1.0,3.0,4
639,59,No,Travel_Rarely,Research & Development,3,4,Technical Degree,Male,1,Research Scientist,Single,40510,5.0,16,3,13.0,3,6,0,3.0,4.0,3.0,3
640,43,No,Travel_Rarely,Research & Development,11,2,Life Sciences,Male,3,Laboratory Technician,Married,168350,3.0,17,1,25.0,3,8,0,3.0,4.0,3.0,3
641,49,No,Travel_Rarely,Sales,14,4,Life Sciences,Male,2,Research Scientist,Married,62300,2.0,14,0,23.0,2,1,0,1.0,3.0,4.0,2
642,36,No,Travel_Frequently,Sales,5,2,Marketing,Female,1,Laboratory Technician,Married,47170,1.0,19,1,12.0,3,11,0,3.0,2.0,2.0,3
643,48,No,Travel_Rarely,Research & Development,1,4,Life Sciences,Female,2,Laboratory Technician,Single,132370,5.0,13,1,7.0,2,1,0,4.0,2.0,2.0,4
644,27,No,Travel_Rarely,Research & Development,6,4,Life Sciences,Male,2,Laboratory Technician,Divorced,37550,1.0,19,0,5.0,2,5,0,1.0,3.0,3.0,3
645,29,No,Travel_Rarely,Sales,17,4,Medical,Male,1,Laboratory Technician,Divorced,65820,1.0,19,1,6.0,3,6,1,3.0,4.0,3.0,3
646,48,No,Travel_Rarely,Sales,1,1,Marketing,Male,2,Manufacturing Director,Single,74060,6.0,14,2,25.0,2,1,0,4.0,4.0,4.0,3
647,29,No,Travel_Rarely,Research & Development,3,3,Technical Degree,Female,2,Healthcare Representative,Divorced,48050,1.6,16,1,9.0,2,7,1,4.0,4.0,2.0,3
648,34,No,Travel_Rarely,Sales,9,4,Medical,Female,2,Laboratory Technician,Married,27410,0.0,15,1,2.0,3,1,0,3.0,3.0,2.0,3
649,44,No,Travel_Rarely,Research & Development,4,3,Life Sciences,Female,1,Laboratory Technician,Married,42620,7.0,18,0,26.0,2,22,3,2.0,2.0,3.0,3
650,33,No,Travel_Rarely,Research & Development,8,2,Life Sciences,Female,2,Research Scientist,Divorced,161840,0.0,13,1,10.0,2,9,0,4.0,3.0,3.0,4
651,19,No,Travel_Rarely,Sales,2,4,Marketing,Male,3,Laboratory Technician,Single,115570,1.0,22,0,1.0,0,1,0,2.0,4.0,3.0,3
652,23,No,Travel_Rarely,Sales,2,3,Medical,Male,3,Laboratory Technician,Married,18780,1.0,13,1,1.0,2,1,0,4.0,3.0,3.0,3
653,25,Yes,Travel_Frequently,Research & Development,1,1,Life Sciences,Male,1,Manufacturing Director,Single,109320,1.0,11,1,1.0,3,1,1,3.0,4.0,3.0,3
654,26,No,Travel_Rarely,Human Resources,9,3,Life Sciences,Male,2,Research Scientist,Single,68110,1.0,11,1,8.0,4,8,2,3.0,4.0,2.0,3
655,45,Yes,Travel_Rarely,Human Resources,12,3,Human Resources,Male,2,Laboratory Technician,Single,43060,2.0,11,2,26.0,3,24,1,1.0,2.0,3.0,3
656,55,No,Non-Travel,Research & Development,27,3,Life Sciences,Female,2,Manager,Divorced,48590,1.0,24,1,34.0,3,33,15,4.0,2.0,3.0,4
657,21,Yes,Travel_Frequently,Research & Development,20,2,Medical,Female,4,Research Scientist,Single,53370,1.0,14,1,2.0,2,2,2,1.0,3.0,1.0,3
658,46,No,Travel_Rarely,Research & Development,1,4,Life Sciences,Male,1,Manufacturing Director,Married,23400,2.0,13,1,26.0,2,11,0,4.0,2.0,3.0,1
659,34,No,Travel_Rarely,Sales,13,4,Medical,Male,3,Sales Representative,Single,74910,0.0,14,1,4.0,3,3,0,3.0,1.0,3.0,2
660,51,No,Travel_Frequently,Research & Development,14,3,Life Sciences,Male,2,Research Director,Divorced,105270,4.0,14,0,31.0,3,29,11,4.0,2.0,2.0,3
661,59,No,Travel_Rarely,Research & Development,4,2,Life Sciences,Male,2,Research Scientist,Single,165950,6.0,21,1,25.0,2,9,5,4.0,4.0,2.0,3
662,34,No,Travel_Frequently,Sales,14,4,Medical,Female,3,Research Scientist,Divorced,88340,4.0,13,1,15.0,1,11,5,3.0,2.0,4.0,3
663,28,No,Travel_Frequently,Research & Development,2,3,Other,Female,1,Manager,Single,55770,0.0,19,0,5.0,3,4,0,4.0,3.0,2.0,3
664,44,No,Travel_Rarely,Research & Development,3,4,Life Sciences,Male,2,Research Scientist,Divorced,47070,1.0,17,0,26.0,4,25,14,3.0,1.0,2.0,1
665,34,No,Travel_Frequently,Sales,1,3,Life Sciences,Male,2,Sales Executive,Married,24000,4.0,18,1,14.0,3,10,1,3.0,2.0,4.0,3
666,35,No,Travel_Rarely,Research & Development,9,3,Life Sciences,Male,4,Healthcare Representative,Married,98240,0.0,19,0,4.0,2,3,2,3.0,3.0,3.0,3
667,42,No,Travel_Rarely,Research & Development,23,4,Life Sciences,Female,1,Manager,Married,64470,6.0,13,0,18.0,3,1,0,2.0,2.0,3.0,3
668,43,No,Travel_Rarely,Research & Development,7,2,Medical,Female,1,Laboratory Technician,Single,195020,3.0,18,2,23.0,3,21,15,4.0,4.0,4.0,4
669,36,No,Travel_Rarely,Research & Development,2,4,Medical,Male,1,Healthcare Representative,Single,27250,9.0,21,1,18.0,4,16,5,3.0,2.0,3.0,2
670,44,Yes,Travel_Rarely,Research & Development,21,4,Life Sciences,Female,2,Laboratory Technician,Married,62720,1.0,19,1,10.0,3,10,0,1.0,4.0,3.0,3
671,28,No,Travel_Frequently,Research & Development,2,3,Life Sciences,Female,2,Sales Representative,Married,21270,1.0,14,0,2.0,3,2,2,4.0,4.0,3.0,3
672,51,No,Travel_Frequently,Sales,21,4,Medical,Male,2,Research Scientist,Single,182000,0.0,17,0,8.0,3,7,7,2.0,3.0,2.0,3
673,30,No,Non-Travel,Research & Development,2,4,Other,Male,1,Research Scientist,Single,20960,7.0,11,3,10.0,2,8,1,3.0,3.0,3.0,3
674,29,Yes,Travel_Rarely,Research & Development,29,4,Technical Degree,Female,1,Sales Representative,Divorced,28860,3.0,13,0,10.0,4,7,7,2.0,3.0,3.0,3
675,28,No,Travel_Rarely,Sales,1,4,Life Sciences,Female,2,Sales Representative,Single,20330,2.0,15,1,5.0,5,3,1,4.0,1.0,2.0,3
676,25,No,Travel_Rarely,Research & Development,18,2,Life Sciences,Male,1,Research Scientist,Single,36220,1.0,25,0,2.0,0,2,2,4.0,2.0,2.0,3
677,32,No,Travel_Rarely,Research & Development,10,4,Other,Female,1,Sales Executive,Married,42330,1.0,11,0,10.0,5,10,0,3.0,4.0,4.0,3
678,45,No,Travel_Frequently,Research & Development,19,3,Medical,Male,3,Laboratory Technician,Single,36810,3.0,17,1,22.0,2,0,0,3.4,2.0,3.0,3
679,39,No,Travel_Rarely,Sales,29,1,Marketing,Female,1,Laboratory Technician,Divorced,54600,6.0,13,2,21.0,3,19,15,3.0,2.0,3.0,3
680,58,No,Travel_Rarely,Research & Development,27,3,Other,Male,2,Laboratory Technician,Divorced,21870,1.0,18,1,2.0,1,2,2,1.0,3.0,3.0,1
681,32,Yes,Travel_Rarely,Research & Development,5,3,Technical Degree,Female,1,Sales Executive,Married,96020,1.0,13,1,10.0,3,10,1,4.0,3.0,3.0,3
682,39,Yes,Travel_Rarely,Research & Development,18,2,Life Sciences,Male,2,Laboratory Technician,Single,28360,0.0,20,0,6.0,3,5,0,3.0,1.0,3.0,2
683,30,No,Travel_Rarely,Sales,9,1,Marketing,Male,4,Research Director,Married,40890,0.0,18,0,10.0,2,9,6,1.0,4.0,3.0,4
684,36,No,Travel_Rarely,Sales,1,3,Marketing,Male,2,Sales Executive,Married,166270,3.0,12,0,10.0,5,7,1,4.0,3.0,3.0,2
685,46,No,Travel_Rarely,Sales,4,3,Medical,Male,1,Research Scientist,Single,26190,6.0,12,1,10.0,3,7,5,4.0,1.0,4.0,2
686,28,No,Non-Travel,Research & Development,1,3,Medical,Male,5,Sales Executive,Married,56790,0.0,13,0,10.0,2,9,7,3.0,4.0,3.0,2
687,50,No,Travel_Rarely,Research & Development,20,2,Medical,Female,5,Laboratory Technician,Married,154020,4.0,21,0,25.0,3,3,1,4.0,1.0,3.0,2
688,40,Yes,Travel_Rarely,Sales,8,1,Other,Male,1,Laboratory Technician,Single,59850,2.0,13,3,9.0,1,5,1,4.0,2.0,3.0,2
689,52,Yes,Travel_Rarely,Research & Development,3,2,Technical Degree,Male,3,Laboratory Technician,Single,25790,9.0,19,1,10.0,1,8,7,2.0,2.0,2.0,3
690,30,No,Travel_Rarely,Research & Development,6,4,Medical,Female,1,Sales Executive,Married,30410,1.0,11,1,9.0,2,9,0,2.0,1.0,3.0,2
691,39,No,Travel_Rarely,Research & Development,26,1,Medical,Male,2,Healthcare Representative,Single,34470,0.0,14,0,9.0,5,8,1,1.0,3.0,3.0,3
692,31,No,Non-Travel,Research & Development,1,2,Medical,Male,1,Sales Executive,Divorced,195130,1.0,12,1,10.0,1,10,9,4.0,3.0,2.0,2
693,41,No,Non-Travel,Sales,6,3,Life Sciences,Female,1,Research Director,Single,27730,1.0,11,0,19.0,3,19,11,3.0,2.0,3.0,3
694,31,Yes,Travel_Frequently,Research & Development,3,1,Life Sciences,Male,1,Sales Executive,Single,71040,1.0,14,1,3.0,3,3,2,4.0,2.0,4.0,3
695,44,Yes,Travel_Rarely,Sales,5,3,Life Sciences,Male,1,Laboratory Technician,Married,63220,4.0,11,1,10.0,2,3,1,1.0,1.0,4.0,3
696,42,No,Non-Travel,Research & Development,4,3,Life Sciences,Male,2,Laboratory Technician,Married,20830,0.0,12,2,21.0,3,20,2,3.0,3.0,2.0,2
697,55,No,Travel_Rarely,Sales,11,3,Technical Degree,Male,2,Manufacturing Director,Married,83810,4.0,15,1,23.0,3,19,9,4.0,3.0,3.0,3
698,56,No,Travel_Rarely,Sales,3,2,Medical,Female,3,Manufacturing Director,Single,26910,6.0,16,1,36.0,6,7,7,4.0,2.0,3.0,3
699,40,No,Non-Travel,Research & Development,1,1,Life Sciences,Male,1,Laboratory Technician,Divorced,42860,9.0,15,0,6.0,6,4,0,3.0,3.0,3.0,3
700,34,No,Travel_Rarely,Research & Development,3,2,Technical Degree,Male,2,Research Director,Divorced,26590,0.0,24,3,10.0,2,9,1,4.0,4.0,2.0,3
701,40,No,Travel_Rarely,Sales,4,3,Medical,Male,2,Sales Executive,Single,94340,1.0,13,1,9.0,3,9,8,3.0,4.0,3.0,2
702,41,No,Travel_Frequently,Sales,1,4,Other,Female,2,Healthcare Representative,Divorced,55610,0.0,11,0,10.0,2,9,1,3.0,1.0,3.0,2
703,35,No,Travel_Frequently,Sales,1,2,Technical Degree,Male,2,Manager,Single,66460,1.0,13,1,9.0,2,9,1,3.0,3.0,3.0,2
704,51,No,Travel_Rarely,Sales,18,2,Life Sciences,Male,4,Manufacturing Director,Divorced,77250,1.0,13,1,33.0,2,33,0,3.0,2.0,3.0,3
705,38,No,Travel_Rarely,Sales,2,4,Life Sciences,Female,1,Research Scientist,Divorced,107250,3.0,18,0,11.0,5,7,1,2.0,1.0,3.0,2
706,34,No,Travel_Rarely,Sales,4,3,Life Sciences,Male,2,Research Scientist,Single,88470,1.0,16,0,10.0,3,10,9,3.0,1.0,4.0,4
707,25,No,Travel_Rarely,Research & Development,6,2,Medical,Female,4,Research Scientist,Married,20450,3.0,19,0,7.0,3,3,1,4.0,4.0,2.0,3
708,58,Yes,Travel_Rarely,Sales,1,4,Technical Degree,Male,2,Sales Executive,Married,10090,7.0,13,2,31.0,3,10,5,3.0,1.0,2.0,4
709,40,No,Travel_Rarely,Research & Development,14,4,Medical,Female,1,Research Scientist,Married,33480,3.0,22,0,7.0,2,4,0,2.0,2.0,3.0,1
710,36,No,Travel_Frequently,Sales,16,2,Life Sciences,Male,1,Research Scientist,Married,12810,2.0,11,0,17.0,2,15,6,1.0,1.0,2.0,3
711,48,No,Travel_Rarely,Research & Development,2,1,Life Sciences,Male,2,Research Scientist,Single,28190,1.0,20,0,11.0,2,10,0,4.0,4.0,3.0,2
712,27,No,Travel_Rarely,Research & Development,2,3,Life Sciences,Female,2,Laboratory Technician,Married,48510,8.0,18,0,5.0,2,1,0,3.0,4.0,3.0,3
713,51,No,Travel_Rarely,Research & Development,4,1,Medical,Female,3,Manufacturing Director,Single,40280,3.0,14,0,29.0,3,5,0,4.0,2.0,2.0,3
714,18,No,Non-Travel,Research & Development,1,4,Medical,Male,2,Sales Executive,Single,27200,1.0,22,1,0.0,2,0,0,4.0,4.0,4.0,3
715,35,No,Travel_Rarely,Research & Development,1,4,Other,Female,2,Research Director,Married,81200,0.0,13,0,10.0,2,9,0,4.0,4.0,3.0,2
716,27,No,Travel_Frequently,Research & Development,26,4,Medical,Female,1,Research Director,Single,46470,3.0,17,0,8.0,3,6,0,4.0,4.0,3.0,4
717,55,Yes,Travel_Rarely,Research & Development,19,3,Technical Degree,Male,1,Human Resources,Single,46800,6.0,14,3,24.0,0,19,3,1.0,3.0,2.0,4
718,56,No,Travel_Rarely,Research & Development,24,4,Life Sciences,Male,2,Laboratory Technician,Married,32210,4.0,15,2,33.0,2,19,15,4.0,2.0,3.0,3
719,34,No,Non-Travel,Sales,1,2,Life Sciences,Male,2,Research Scientist,Divorced,86210,1.0,17,1,5.0,1,5,0,1.0,3.0,3.0,3
720,40,No,Travel_Rarely,Research & Development,3,3,Life Sciences,Male,2,Sales Executive,Divorced,45770,5.0,11,1,15.0,3,12,11,2.0,3.0,3.0,2
721,34,No,Travel_Rarely,Research & Development,5,3,Life Sciences,Male,1,Research Scientist,Married,45530,4.0,18,1,10.0,2,8,7,2.0,3.0,3.0,4
722,31,Yes,Travel_Frequently,Research & Development,2,2,Medical,Female,2,Manufacturing Director,Single,53960,7.0,17,1,3.0,2,1,0,3.0,4.0,4.0,1
723,35,Yes,Travel_Frequently,Research & Development,1,2,Medical,Male,1,Manufacturing Director,Married,67960,0.0,13,0,5.0,2,4,3,4.0,3.0,2.0,3
724,38,No,Travel_Frequently,Research & Development,7,3,Medical,Female,2,Sales Representative,Divorced,76250,1.0,15,0,4.0,2,4,0,4.0,3.0,3.0,2
725,34,No,Travel_Rarely,Research & Development,10,4,Other,Female,2,Laboratory Technician,Single,74120,1.0,24,0,14.0,4,14,4,3.0,4.0,4.0,3
726,28,No,Travel_Rarely,Research & Development,2,3,Life Sciences,Female,2,Healthcare Representative,Married,111590,1.0,12,0,5.0,2,5,0,3.0,1.0,3.0,3
727,31,Yes,Travel_Rarely,Research & Development,15,2,Life Sciences,Male,2,Sales Executive,Married,49600,1.0,15,0,10.0,3,10,6,4.0,3.0,2.0,2
728,39,No,Travel_Rarely,Research & Development,17,4,Technical Degree,Female,2,Healthcare Representative,Married,104750,3.0,11,1,8.0,3,5,1,1.0,4.0,4.0,3
729,51,No,Travel_Frequently,Research & Development,20,3,Medical,Male,2,Sales Executive,Married,148140,2.0,11,1,14.0,2,4,3,2.0,2.0,3.0,2
730,41,No,Travel_Frequently,Research & Development,1,3,Life Sciences,Male,4,Sales Executive,Divorced,191410,3.0,12,1,12.0,2,6,3,4.0,4.0,2.0,3
731,37,No,Travel_Rarely,Research & Development,2,2,Medical,Female,1,Healthcare Representative,Married,54050,7.0,15,0,8.0,3,6,1,3.0,3.0,3.0,4
732,33,No,Travel_Frequently,Research & Development,2,3,Medical,Female,1,Sales Executive,Married,87930,6.0,17,0,8.0,2,5,1,2.0,4.0,4.0,3
733,32,No,Travel_Rarely,Research & Development,1,4,Medical,Male,5,Research Director,Married,191890,0.0,12,1,4.0,3,3,1,3.0,2.0,2.0,3
734,39,No,Non-Travel,Research & Development,29,2,Life Sciences,Male,2,Sales Executive,Married,38750,3.0,15,0,13.0,3,6,0,3.0,3.0,3.0,3
735,25,No,Travel_Rarely,Research & Development,7,4,Life Sciences,Male,1,Sales Executive,Married,22160,2.0,13,3,6.0,2,3,1,1.0,3.0,2.6,2
736,52,No,Travel_Frequently,Research & Development,2,1,Life Sciences,Male,2,Sales Executive,Married,117130,2.0,14,0,24.0,2,5,0,4.0,3.0,2.0,3
737,43,No,Travel_Rarely,Research & Development,2,2,Medical,Male,1,Laboratory Technician,Single,78610,1.0,14,2,20.0,1,20,1,1.0,3.0,1.0,3
738,27,No,Travel_Rarely,Research & Development,2,4,Life Sciences,Male,1,Human Resources,Married,37080,1.0,16,2,6.0,2,6,4,4.0,4.0,3.0,3
739,27,Yes,Travel_Rarely,Research & Development,2,5,Life Sciences,Female,1,Research Scientist,Single,137700,1.0,18,1,8.0,3,8,7,4.0,3.0,3.0,4
740,26,No,Travel_Rarely,Research & Development,2,2,Other,Male,3,Laboratory Technician,Single,53040,0.0,20,1,5.0,2,4,1,1.0,4.0,3.0,3
741,42,No,Travel_Rarely,Sales,23,3,Marketing,Female,3,Research Scientist,Married,26420,0.0,13,1,21.0,3,20,0,3.0,1.0,3.0,3
742,52,No,Travel_Rarely,Research & Development,5,2,Life Sciences,Female,1,Healthcare Representative,Married,27590,9.0,18,1,12.0,6,5,0,3.0,1.0,1.0,3
743,37,No,Travel_Rarely,Research & Development,20,5,Life Sciences,Male,2,Manager,Single,68040,4.0,13,1,8.0,1,3,0,1.0,3.0,3.0,3
744,35,No,Travel_Frequently,Research & Development,6,4,Medical,Female,2,Research Director,Single,61420,2.0,15,1,10.0,2,2,2,3.0,4.0,3.0,3
745,25,No,Travel_Rarely,Research & Development,1,4,Medical,Male,2,Sales Executive,Married,25000,4.0,14,2,7.0,2,3,0,1.0,4.0,2.0,1
746,26,No,Travel_Rarely,Research & Development,29,4,Life Sciences,Male,1,Research Scientist,Single,63890,0.0,22,0,8.0,2,7,0,3.0,1.0,3.0,2
747,29,No,Travel_Rarely,Sales,9,3,Life Sciences,Male,1,Laboratory Technician,Single,111030,1.0,12,0,10.0,5,10,0,2.0,1.0,2.0,2
748,49,Yes,Travel_Frequently,Sales,6,5,Medical,Female,2,Healthcare Representative,Single,23420,3.0,18,0,20.0,2,4,1,1.0,1.0,3.0,3
749,29,Yes,Travel_Frequently,Sales,3,2,Marketing,Female,2,Laboratory Technician,Single,68110,0.0,15,1,9.0,2,8,7,3.0,4.0,3.0,3
750,54,No,Travel_Rarely,Sales,1,3,Medical,Female,2,Manager,Single,22970,6.0,18,2,29.0,2,20,12,4.0,4.0,2.0,2
751,58,No,Travel_Rarely,Sales,22,3,Life Sciences,Female,2,Laboratory Technician,Married,24500,3.0,12,1,32.0,2,9,1,4.0,1.0,3.0,3
752,55,No,Travel_Rarely,Research & Development,7,3,Life Sciences,Female,3,Research Scientist,Divorced,50930,2.0,16,1,31.0,3,7,0,2.0,4.0,4.0,3
753,36,No,Travel_Rarely,Research & Development,1,3,Medical,Male,2,Sales Executive,Single,53090,3.0,13,0,15.0,5,5,0,1.0,2.0,3.0,3
754,31,Yes,Travel_Frequently,Sales,4,3,Life Sciences,Male,2,Manager,Single,30570,1.0,19,0,1.0,3,1,0,2.0,3.0,3.0,3
755,30,No,Travel_Rarely,Sales,3,3,Life Sciences,Male,3,Sales Executive,Divorced,51210,7.0,13,0,8.0,4,3,0,4.0,1.0,3.0,3
756,31,No,Travel_Rarely,Research & Development,1,3,Medical,Male,1,Laboratory Technician,Single,168560,3.0,12,1,9.0,3,3,1,1.0,2.0,4.0,3
757,34,No,Travel_Frequently,Sales,2,1,Marketing,Female,5,Manager,Divorced,26860,5.0,11,0,10.0,3,4,1,4.0,1.0,3.0,4
758,31,Yes,Travel_Rarely,Sales,20,3,Technical Degree,Male,1,Research Scientist,Single,61800,1.0,14,1,1.0,2,1,0,1.0,2.0,4.0,1
759,27,No,Travel_Rarely,Human Resources,11,4,Medical,Male,4,Sales Executive,Married,66320,0.0,16,0,6.0,3,5,1,2.0,1.0,4.0,3
760,36,No,Travel_Rarely,Sales,1,3,Marketing,Male,2,Research Scientist,Single,35050,1.0,12,2,10.0,2,10,1,1.0,4.0,2.0,2
761,36,No,Travel_Rarely,Research & Development,24,3,Other,Female,3,Research Director,Married,63970,4.0,14,1,11.0,3,3,0,3.0,1.0,2.0,3
762,47,No,Travel_Rarely,Research & Development,23,4,Life Sciences,Female,2,Sales Executive,Married,62740,7.0,14,2,17.0,0,6,1,1.0,4.0,2.0,3
763,25,Yes,Travel_Rarely,Sales,16,4,Life Sciences,Male,2,Research Scientist,Married,198590,3.0,19,0,6.0,3,3,2,1.0,1.0,3.0,2
764,37,No,Non-Travel,Sales,8,4,Medical,Male,1,Healthcare Representative,Single,75870,0.0,22,1,7.0,5,6,1,3.0,3.0,1.0,3
765,56,No,Travel_Rarely,Research & Development,10,4,Other,Male,2,Sales Representative,Married,42580,2.0,16,0,5.0,2,3,1,1.0,1.0,4.0,3
766,47,No,Travel_Rarely,Research & Development,3,2,Medical,Male,2,Laboratory Technician,Married,43640,3.0,11,1,26.0,3,20,5,1.0,3.0,4.0,3
767,24,No,Travel_Rarely,Research & Development,5,1,Other,Male,1,Manufacturing Director,Married,43350,1.0,15,1,5.0,5,5,0,4.0,3.0,3.0,3
768,32,No,Travel_Rarely,Sales,4,3,Marketing,Male,1,Research Scientist,Married,53260,4.0,14,1,7.0,2,4,0,4.0,4.0,2.0,3
769,34,No,Travel_Rarely,Research & Development,9,2,Medical,Male,1,Sales Executive,Married,32800,5.0,13,0,7.0,3,5,0,4.0,2.0,2.0,3
770,41,No,Travel_Rarely,Research & Development,26,3,Medical,Female,3,Sales Executive,Married,54850,2.0,17,2,7.0,2,4,0,2.0,3.0,2.0,3
771,40,No,Non-Travel,Sales,3,2,Life Sciences,Male,1,Sales Executive,Divorced,43420,3.0,11,1,11.0,6,8,0,3.0,3.0,4.0,2
772,31,No,Travel_Rarely,Research & Development,16,3,Medical,Male,2,Human Resources,Divorced,27820,1.0,19,1,13.0,5,13,9,1.0,4.0,3.0,3
773,46,Yes,Travel_Rarely,Research & Development,18,1,Medical,Male,1,Manufacturing Director,Divorced,59800,4.0,11,1,28.0,2,7,4,1.0,4.0,4.0,3
774,39,Yes,Non-Travel,Research & Development,2,4,Medical,Male,2,Manufacturing Director,Single,43810,2.0,15,2,11.0,1,1,0,1.0,1.0,4.0,2
775,31,Yes,Travel_Frequently,Sales,2,3,Medical,Male,2,Sales Executive,Single,25720,1.0,13,3,10.0,3,10,4,3.0,2.0,3.0,3
776,45,No,Travel_Rarely,Sales,10,2,Marketing,Male,1,Sales Executive,Divorced,38330,2.0,14,0,24.0,1,7,0,2.0,1.0,3.0,3
777,31,No,Travel_Rarely,Research & Development,16,4,Life Sciences,Male,3,Human Resources,Single,42440,9.0,13,0,8.0,3,3,0,4.0,2.0,3.0,3
778,31,Yes,Travel_Frequently,Research & Development,7,4,Life Sciences,Male,1,Laboratory Technician,Married,65000,6.0,23,1,7.0,5,2,2,2.0,4.0,1.0,3
779,45,No,Travel_Rarely,Research & Development,1,2,Life Sciences,Female,1,Research Scientist,Married,184300,4.0,12,1,10.0,5,3,1,2.0,4.0,4.0,3
780,48,No,Travel_Rarely,Research & Development,24,3,Technical Degree,Male,2,Research Scientist,Divorced,16010,4.0,12,0,15.0,3,2,2,3.0,1.0,3.0,3
781,34,Yes,Travel_Rarely,Research & Development,7,4,Medical,Male,2,Research Scientist,Married,26940,1.0,16,1,2.0,3,2,2,1.0,3.0,3.0,3
782,40,No,Non-Travel,Research & Development,25,4,Other,Female,1,Sales Executive,Divorced,31490,2.0,15,1,16.0,1,9,4,4.0,2.0,3.0,2
783,28,No,Travel_Rarely,Research & Development,1,2,Technical Degree,Female,1,Research Scientist,Single,176390,0.0,13,1,6.0,0,5,1,4.0,1.0,3.0,3
784,44,No,Non-Travel,Research & Development,5,3,Life Sciences,Male,1,Laboratory Technician,Single,23190,3.0,18,0,7.0,4,5,0,3.0,3.0,3.0,2
785,53,No,Travel_Rarely,Research & Development,2,4,Technical Degree,Male,2,Manager,Single,116910,4.0,20,0,35.0,2,9,8,4.0,2.0,2.0,3
786,49,No,Travel_Rarely,Research & Development,7,3,Life Sciences,Male,3,Laboratory Technician,Married,53240,2.0,19,0,20.0,2,3,1,1.0,3.0,2.0,1
787,40,No,Travel_Rarely,Research & Development,2,4,Life Sciences,Male,3,Laboratory Technician,Divorced,167520,2.0,18,1,8.0,3,3,1,3.0,3.0,4.0,3
788,44,No,Travel_Rarely,Research & Development,5,1,Other,Male,3,Research Scientist,Single,52280,1.0,13,0,6.0,2,5,1,4.0,2.0,2.0,4
789,33,No,Travel_Frequently,Human Resources,10,3,Medical,Female,2,Sales Executive,Married,27000,0.0,14,3,5.0,2,4,0,4.0,1.0,3.0,3
790,34,No,Travel_Rarely,Research & Development,10,4,Life Sciences,Female,1,Sales Representative,Single,192460,3.0,15,1,15.0,5,13,3,4.0,1.0,3.0,3
791,30,No,Travel_Rarely,Sales,1,2,Technical Degree,Male,1,Laboratory Technician,Married,25060,8.0,22,0,4.0,3,2,2,4.0,3.0,2.0,3
792,42,No,Travel_Frequently,Research & Development,8,4,Medical,Female,1,Sales Executive,Single,60620,1.0,22,2,12.0,2,12,5,1.0,4.0,3.0,3
793,44,No,Travel_Frequently,Research & Development,5,3,Life Sciences,Female,5,Manufacturing Director,Married,43820,7.0,16,2,11.0,2,1,0,1.0,3.0,2.0,3
794,30,No,Non-Travel,Research & Development,8,3,Life Sciences,Male,1,Manufacturing Director,Divorced,21430,1.0,17,1,1.0,2,1,0,3.0,3.0,2.0,3
795,57,No,Travel_Rarely,Sales,2,1,Life Sciences,Male,3,Research Scientist,Married,61620,0.0,14,0,13.0,5,12,2,2.0,3.0,2.0,2
796,49,No,Travel_Rarely,Research & Development,7,3,Technical Degree,Female,2,Sales Executive,Divorced,50940,3.0,15,0,29.0,5,8,0,3.0,2.0,3.0,3
797,34,No,Travel_Frequently,Research & Development,2,4,Medical,Female,2,Sales Representative,Divorced,68770,7.0,20,0,16.0,3,14,6,2.0,1.0,2.0,3
798,28,Yes,Travel_Frequently,Research & Development,2,3,Medical,Male,1,Research Scientist,Married,22740,3.0,20,1,5.0,5,3,1,1.0,3.0,4.0,3
799,29,Yes,Travel_Frequently,Research & Development,28,3,Medical,Female,5,Research Scientist,Single,44340,2.2,17,3,7.0,1,5,0,1.0,2.0,1.0,3
800,34,Yes,Travel_Rarely,Research & Development,7,1,Medical,Male,1,Research Scientist,Single,62880,0.0,15,1,16.0,2,15,10,1.0,2.0,4.0,3
801,35,No,Travel_Rarely,Sales,7,4,Other,Female,4,Healthcare Representative,Married,25530,1.0,14,1,1.0,4,1,0,4.0,3.0,3.0,2
802,24,Yes,Travel_Frequently,Sales,3,3,Life Sciences,Male,2,Research Scientist,Single,76540,2.0,17,1,4.0,3,0,0,2.0,1.0,2.0,2
803,24,No,Non-Travel,Research & Development,10,3,Life Sciences,Female,2,Manager,Married,51600,1.0,17,1,1.0,3,1,0,4.0,2.0,3.0,1
804,44,No,Travel_Frequently,Research & Development,5,2,Medical,Female,2,Research Scientist,Single,171590,5.0,22,1,16.0,1,2,2,2.0,3.0,2.0,2
805,29,No,Travel_Rarely,Sales,10,2,Life Sciences,Female,1,Sales Executive,Divorced,128080,1.0,13,0,10.0,6,10,0,3.0,3.0,3.0,3
806,30,No,Travel_Rarely,Research & Development,1,2,Life Sciences,Male,3,Sales Executive,Divorced,102210,0.0,19,1,6.0,2,5,1,3.0,3.0,4.0,3
807,55,No,Travel_Rarely,Sales,20,3,Marketing,Male,2,Research Scientist,Married,47790,0.0,14,1,4.0,6,3,1,4.0,3.0,3.0,3
808,33,No,Travel_Rarely,Research & Development,7,2,Life Sciences,Male,2,Research Scientist,Married,37370,8.0,22,2,8.0,2,5,0,1.0,2.0,3.0,3
809,47,No,Travel_Rarely,Research & Development,8,4,Medical,Female,2,Sales Representative,Married,23660,3.0,17,0,11.0,5,5,1,3.0,3.0,2.0,2
810,28,Yes,Travel_Frequently,Sales,1,3,Marketing,Male,2,Laboratory Technician,Single,17060,7.0,12,0,8.0,3,0,0,3.0,1.0,2.0,3
811,28,No,Travel_Rarely,Sales,8,4,Marketing,Male,1,Laboratory Technician,Divorced,163070,1.0,16,0,1.0,3,1,0,1.0,3.0,1.0,2
812,28,No,Travel_Frequently,Research & Development,9,3,Life Sciences,Female,2,Sales Executive,Single,59330,0.0,11,0,5.0,3,4,1,3.0,1.0,3.0,3
813,49,No,Travel_Rarely,Research & Development,5,4,Life Sciences,Female,1,Research Scientist,Married,34240,4.0,11,0,10.0,3,3,1,3.0,1.0,3.0,3
814,29,No,Travel_Frequently,Research & Development,8,1,Medical,Male,1,Research Scientist,Married,40370,0.0,14,0,4.0,2,3,0,4.0,2.0,3.0,1
815,28,No,Travel_Rarely,Research & Development,5,1,Technical Degree,Male,2,Laboratory Technician,Married,25590,1.0,11,0,8.0,3,8,1,3.0,2.0,2.0,2
816,33,No,Travel_Rarely,Research & Development,15,4,Life Sciences,Female,1,Sales Executive,Single,62010,2.0,15,3,14.0,2,0,0,4.0,3.0,3.0,2
817,32,No,Travel_Rarely,Research & Development,7,3,Life Sciences,Female,3,Laboratory Technician,Single,44030,2.0,20,0,10.0,3,5,0,3.0,4.0,4.0,2
818,54,No,Travel_Frequently,Sales,10,3,Life Sciences,Female,4,Research Scientist,Divorced,37610,3.0,12,0,26.0,3,14,1,2.0,4.0,3.0,2
819,29,Yes,Travel_Rarely,Research & Development,5,3,Life Sciences,Female,2,Research Scientist,Single,109340,6.0,17,2,11.0,2,9,0,1.0,1.0,1.0,3
820,44,No,Travel_Rarely,Sales,26,1,Marketing,Male,1,Sales Representative,Married,107610,3.0,11,1,24.0,5,20,14,4.0,1.0,4.0,2
821,39,No,Travel_Rarely,Sales,6,1,Technical Degree,Female,2,Laboratory Technician,Single,51750,4.0,17,1,9.0,2,2,2,2.0,2.0,3.0,4
822,46,No,Travel_Rarely,Research & Development,4,2,Life Sciences,Male,3,Manufacturing Director,Married,138260,8.0,11,0,23.0,1,13,5,3.0,2.0,4.0,2
823,35,No,Travel_Rarely,Research & Development,23,4,Life Sciences,Male,2,Research Scientist,Single,63340,1.0,14,0,11.0,2,11,3,4.0,2.0,1.0,4
824,23,No,Travel_Rarely,Research & Development,2,4,Medical,Female,2,Manager,Single,49360,0.0,19,1,5.0,2,4,1,1.0,3.0,3.0,2
825,40,Yes,Travel_Rarely,Research & Development,2,3,Medical,Male,2,Research Director,Single,47750,3.0,15,1,15.0,3,5,1,4.0,1.0,1.0,4
826,34,No,Travel_Rarely,Human Resources,2,3,Human Resources,Male,2,Manufacturing Director,Married,28180,1.0,13,1,10.0,2,10,8,4.0,3.0,3.0,3
827,31,Yes,Travel_Frequently,Research & Development,29,3,Life Sciences,Female,2,Healthcare Representative,Single,25150,1.0,14,0,7.0,3,7,7,4.0,3.0,1.0,2
828,50,No,Travel_Frequently,Research & Development,6,3,Medical,Male,1,Manager,Single,23420,1.0,12,1,32.0,2,32,13,3.0,4.0,3.0,2
829,34,No,Travel_Rarely,Sales,25,5,Marketing,Female,1,Research Scientist,Married,41940,0.0,17,2,12.0,3,11,5,2.0,3.0,3.0,3
830,42,No,Travel_Rarely,Research & Development,1,3,Life Sciences,Female,1,Manufacturing Director,Married,106850,4.0,11,3,4.0,2,1,0,3.0,2.0,3.0,3
831,37,No,Travel_Rarely,Research & Development,2,2,Medical,Male,1,Research Scientist,Married,20220,1.0,12,0,10.0,1,10,3,1.0,4.0,3.0,3
832,29,No,Travel_Rarely,Research & Development,1,3,Medical,Female,1,Manager,Married,23140,3.0,13,0,9.0,5,7,0,3.0,1.0,3.0,4
833,33,No,Travel_Rarely,Research & Development,1,1,Life Sciences,Male,1,Research Scientist,Single,42560,1.0,13,3,5.0,1,5,0,4.0,2.0,3.0,3
834,45,No,Travel_Rarely,Sales,3,3,Life Sciences,Male,3,Laboratory Technician,Married,35800,4.0,20,1,8.0,1,5,0,4.0,4.0,3.0,2
835,42,No,Travel_Frequently,Human Resources,1,4,Technical Degree,Male,2,Manufacturing Director,Married,31620,2.0,17,2,24.0,1,20,13,4.0,4.0,1.0,3
836,40,No,Travel_Rarely,Sales,10,1,Life Sciences,Female,1,Manufacturing Director,Married,65240,0.0,13,1,9.0,2,8,7,1.0,1.0,4.0,4
837,33,No,Travel_Rarely,Research & Development,9,3,Medical,Female,2,Manufacturing Director,Married,28990,1.0,17,0,15.0,3,15,5,2.0,3.0,3.0,2
838,40,No,Travel_Rarely,Sales,5,5,Life Sciences,Male,1,Manufacturing Director,Single,52310,1.0,12,2,21.0,4,21,7,3.0,4.0,3.0,3
839,24,No,Travel_Rarely,Sales,10,2,Marketing,Male,1,Manufacturing Director,Divorced,23560,0.0,13,0,2.0,5,1,0,3.0,1.0,3.0,3
840,40,No,Non-Travel,Research & Development,7,3,Medical,Male,1,Research Scientist,Divorced,28000,3.0,12,2,8.0,0,2,2,4.0,4.0,3.0,2
841,45,No,Travel_Rarely,Research & Development,4,3,Medical,Female,3,Laboratory Technician,Divorced,118360,1.0,22,0,10.0,2,10,7,1.0,2.0,3.0,4
842,35,No,Travel_Rarely,Research & Development,10,1,Life Sciences,Male,1,Healthcare Representative,Married,109030,0.0,11,0,6.0,3,5,4,2.0,3.0,3.0,4
843,32,No,Travel_Rarely,Research & Development,22,4,Medical,Male,1,Sales Executive,Married,29730,3.0,22,0,12.0,0,7,2,4.0,2.0,3.0,4
844,36,No,Travel_Rarely,Sales,9,3,Marketing,Female,4,Research Scientist,Single,142750,3.0,18,1,7.0,5,3,1,3.0,4.0,2.0,2
845,48,No,Travel_Rarely,Research & Development,12,4,Medical,Male,1,Laboratory Technician,Divorced,55620,8.0,13,1,18.0,2,8,7,3.0,3.0,3.0,3
846,29,No,Travel_Rarely,Research & Development,23,4,Life Sciences,Female,2,Healthcare Representative,Married,45370,6.0,18,1,5.0,5,1,0,2.4,3.0,2.0,4
847,33,No,Travel_Rarely,Research & Development,9,1,Medical,Male,1,Healthcare Representative,Married,76420,2.0,20,1,8.0,2,2,2,1.0,1.0,1.0,2
848,30,Yes,Travel_Rarely,Research & Development,1,3,Other,Male,3,Sales Executive,Married,179240,1.0,13,2,10.0,2,10,6,2.0,1.0,3.0,3
849,38,No,Travel_Frequently,Sales,9,3,Marketing,Male,1,Manufacturing Director,Married,52040,3.0,13,1,10.0,2,6,1,3.0,3.0,3.0,3
850,35,No,Travel_Rarely,Sales,7,2,Life Sciences,Male,1,Sales Executive,Single,22770,1.0,12,1,3.0,2,3,1,4.0,1.0,3.0,3
851,30,No,Travel_Rarely,Research & Development,14,3,Technical Degree,Male,5,Research Director,Married,27950,3.0,13,0,9.0,4,4,1,3.0,2.0,3.0,3
852,35,Yes,Travel_Rarely,Research & Development,2,3,Medical,Female,1,Research Scientist,Divorced,25320,1.0,13,0,1.0,2,1,0,1.0,1.0,3.0,1
853,53,Yes,Travel_Rarely,Research & Development,19,3,Life Sciences,Male,2,Manager,Married,25590,0.0,25,0,34.0,2,33,1,3.0,4.0,3.0,3
854,38,Yes,Travel_Rarely,Research & Development,2,3,Medical,Female,3,Sales Executive,Married,49080,4.0,19,1,7.0,3,5,1,3.0,2.0,3.0,2
855,32,No,Non-Travel,Research & Development,10,4,Life Sciences,Female,5,Research Scientist,Married,23800,4.0,13,0,9.0,5,6,1,4.0,1.0,2.0,3
856,48,No,Travel_Rarely,Research & Development,2,5,Life Sciences,Male,1,Sales Executive,Married,47650,8.0,12,1,10.0,4,8,7,3.0,1.0,2.0,3
857,34,No,Travel_Rarely,Research & Development,3,3,Life Sciences,Male,2,Sales Executive,Single,20440,1.0,11,0,1.0,2,1,0,1.0,4.0,1.0,3
858,55,No,Travel_Rarely,Research & Development,11,1,Medical,Female,1,Laboratory Technician,Married,26930,1.0,18,0,36.0,6,36,2,3.0,4.0,3.0,2
859,34,No,Travel_Rarely,Research & Development,2,2,Life Sciences,Male,2,Research Scientist,Married,65860,9.0,18,1,9.0,3,2,2,2.0,3.0,2.0,3
860,26,No,Travel_Rarely,Research & Development,4,3,Life Sciences,Male,1,Research Director,Married,32940,1.0,11,0,1.0,6,1,0,1.0,4.0,3.0,3
861,38,No,Travel_Rarely,Sales,14,2,Marketing,Female,1,Sales Executive,Married,41710,0.0,23,0,10.0,4,9,7,3.0,2.0,3.0,4
862,38,No,Travel_Rarely,Research & Development,2,3,Life Sciences,Female,1,Manufacturing Director,Single,27780,2.0,13,0,8.0,5,3,1,2.0,2.0,4.0,2
863,36,No,Travel_Rarely,Human Resources,1,3,Human Resources,Male,1,Research Scientist,Single,23770,6.0,13,2,15.0,3,1,0,2.0,3.0,3.0,3
864,29,No,Travel_Rarely,Research & Development,10,3,Life Sciences,Male,1,Sales Representative,Single,24040,1.0,17,0,10.0,3,10,1,2.0,1.0,3.0,2
865,35,No,Travel_Rarely,Sales,12,2,Life Sciences,Female,2,Sales Executive,Single,23180,3.0,19,0,10.0,4,5,0,1.0,3.0,3.0,4
866,39,No,Travel_Rarely,Sales,2,2,Medical,Female,1,Sales Executive,Married,20080,2.0,12,0,11.0,3,7,7,4.0,3.0,3.0,3
867,29,No,Travel_Frequently,Research & Development,5,1,Medical,Female,1,Research Scientist,Divorced,62440,1.0,22,0,6.0,3,6,1,1.0,4.0,4.0,3
868,50,No,Travel_Rarely,Research & Development,4,2,Medical,Female,1,Laboratory Technician,Married,27990,4.0,12,1,27.0,0,1,0,3.0,3.0,3.0,1
869,23,No,Travel_Rarely,Research & Development,7,2,Life Sciences,Female,3,Manager,Married,105520,2.0,11,0,4.0,2,2,2,4.0,3.0,3.0,3
870,36,No,Travel_Frequently,Sales,21,3,Life Sciences,Male,2,Human Resources,Married,23290,3.0,15,0,9.0,2,3,0,1.0,1.0,3.0,3
871,42,No,Travel_Rarely,Research & Development,8,2,Life Sciences,Female,5,Manager,Single,40140,8.0,13,1,24.0,3,1,0,4.0,4.0,3.0,3
872,35,No,Travel_Rarely,Sales,4,3,Medical,Female,2,Laboratory Technician,Married,74030,1.0,12,1,10.0,4,10,6,2.0,3.0,2.0,3
873,34,No,Travel_Frequently,Research & Development,25,1,Life Sciences,Female,1,Manager,Married,22590,1.0,14,0,8.0,2,8,7,4.0,3.0,2.0,3
874,40,No,Travel_Rarely,Research & Development,1,4,Life Sciences,Male,2,Laboratory Technician,Married,69320,1.0,13,0,5.0,5,5,1,4.0,1.0,3.0,3
875,43,No,Travel_Rarely,Research & Development,1,1,Other,Male,1,Manager,Divorced,46780,5.0,25,1,8.0,0,6,0,4.0,2.0,3.0,4
876,35,No,Travel_Rarely,Sales,6,3,Marketing,Female,3,Sales Representative,Married,135820,1.0,17,1,1.0,3,1,0,3.0,4.0,2.0,2
877,46,No,Travel_Rarely,Research & Development,12,4,Technical Degree,Male,1,Laboratory Technician,Single,23320,1.0,11,0,27.0,2,26,0,4.0,1.0,1.0,3
878,28,Yes,Travel_Rarely,Human Resources,1,3,Medical,Female,2,Laboratory Technician,Married,24130,1.0,16,1,1.0,2,1,0,3.0,2.0,3.0,3
879,22,No,Non-Travel,Sales,17,2,Marketing,Male,3,Sales Executive,Married,97050,1.0,18,2,4.0,3,4,1,2.0,3.0,2.0,2
880,50,No,Travel_Frequently,Research & Development,3,3,Other,Male,2,Research Scientist,Married,42940,2.0,20,0,32.0,2,30,12,2.0,3.0,3.0,2
881,32,No,Travel_Rarely,Research & Development,3,2,Life Sciences,Male,3,Research Scientist,Married,47210,3.0,14,1,6.0,3,3,0,2.0,4.0,3.0,3
882,44,No,Travel_Rarely,Research & Development,10,3,Technical Degree,Male,3,Manager,Divorced,25190,0.0,21,2,23.0,2,22,1,2.0,4.0,2.0,3
883,30,No,Travel_Rarely,Research & Development,4,3,Medical,Female,1,Research Director,Married,21210,1.0,13,1,6.0,2,6,1,2.0,2.0,2.0,3
884,45,No,Travel_Rarely,Sales,29,2,Technical Degree,Female,2,Research Scientist,Single,29730,1.0,12,0,10.0,2,10,1,3.0,1.0,3.0,3
885,45,No,Non-Travel,Sales,2,4,Life Sciences,Male,2,Manufacturing Director,Married,58550,1.0,14,1,10.0,3,10,4,1.0,1.0,3.0,2
886,31,No,Travel_Frequently,Research & Development,7,3,Medical,Male,2,Research Scientist,Single,36170,7.0,21,1,10.0,5,5,0,4.0,1.0,3.0,3
887,36,No,Travel_Rarely,Research & Development,18,1,Medical,Male,2,Manufacturing Director,Married,67250,9.0,17,1,7.0,3,3,1,3.0,3.0,3.0,3
888,34,No,Travel_Frequently,Sales,28,4,Marketing,Male,5,Manufacturing Director,Divorced,103250,1.0,11,1,9.0,3,9,7,3.0,4.0,3.0,2
889,49,No,Travel_Rarely,Research & Development,1,4,Life Sciences,Male,3,Healthcare Representative,Married,69490,1.0,14,1,10.0,2,9,1,3.0,1.0,2.0,3
890,39,No,Travel_Rarely,Research & Development,6,2,Life Sciences,Male,3,Research Scientist,Married,106090,2.0,17,1,10.0,2,7,7,2.0,1.0,3.0,3
891,27,No,Travel_Rarely,Research & Development,2,1,Life Sciences,Male,4,Research Scientist,Divorced,44470,1.0,13,0,7.0,4,7,0,4.0,1.0,3.0,3
892,35,No,Travel_Rarely,Research & Development,2,3,Medical,Female,2,Sales Executive,Married,21570,1.0,25,0,16.0,1,16,1,2.0,1.0,3.0,2
893,28,No,Travel_Rarely,Research & Development,23,3,Life Sciences,Male,3,Manufacturing Director,Divorced,46010,0.0,15,2,6.0,2,5,0,2.0,1.0,2.0,3
894,21,No,Travel_Rarely,Research & Development,3,1,Life Sciences,Female,1,Laboratory Technician,Single,170990,1.0,14,1,3.0,2,2,2,3.0,4.0,3.0,3
895,18,Yes,Travel_Frequently,Research & Development,3,5,Medical,Male,1,Research Director,Single,24790,1.0,12,1,0.0,2,0,0,2.0,4.0,4.0,2
896,47,No,Travel_Rarely,Research & Development,25,4,Medical,Male,2,Research Scientist,Married,148520,3.0,19,3,27.0,3,5,1,4.0,3.0,3.0,2
897,39,No,Travel_Rarely,Sales,2,4,Life Sciences,Male,1,Laboratory Technician,Divorced,72640,0.0,17,0,11.0,5,10,0,3.0,3.0,3.0,3
898,40,No,Travel_Rarely,Research & Development,22,1,Life Sciences,Male,1,Laboratory Technician,Married,56660,1.0,14,1,18.0,2,18,14,1.0,3.0,3.0,3
899,35,No,Non-Travel,Research & Development,29,3,Medical,Female,2,Sales Executive,Married,78230,1.0,13,1,15.0,3,14,2,3.0,3.0,3.0,3
900,37,No,Travel_Rarely,Research & Development,29,4,Technical Degree,Male,1,Laboratory Technician,Married,78800,3.0,12,1,9.0,2,4,0,3.0,3.0,2.0,4
901,39,No,Travel_Frequently,Research & Development,2,3,Technical Degree,Female,2,Manager,Single,131940,0.0,11,0,10.0,2,9,3,1.0,3.0,1.0,3
902,45,No,Travel_Rarely,Research & Development,28,3,Life Sciences,Female,2,Laboratory Technician,Divorced,50670,1.0,11,2,10.0,3,10,3,4.0,4.0,3.0,2
903,38,No,Travel_Rarely,Research & Development,2,4,Life Sciences,Female,3,Sales Executive,Married,50790,3.0,11,0,10.0,3,5,0,4.0,3.0,4.0,3
904,35,Yes,Travel_Rarely,Research & Development,2,3,Life Sciences,Male,3,Healthcare Representative,Married,23210,9.0,12,1,15.0,0,13,6,4.0,1.0,3.0,3
905,37,No,Travel_Rarely,Research & Development,22,3,Life Sciences,Female,2,Healthcare Representative,Married,174440,1.0,14,0,8.0,4,8,7,2.0,2.0,1.0,3
906,40,No,Travel_Rarely,Research & Development,8,3,Technical Degree,Female,2,Healthcare Representative,Single,24040,6.0,17,0,18.0,2,4,3,3.0,4.0,2.0,2
907,44,No,Travel_Frequently,Sales,2,2,Marketing,Male,1,Laboratory Technician,Married,34520,4.0,11,1,14.0,2,10,0,1.0,4.0,3.0,2
908,48,No,Travel_Frequently,Sales,10,4,Marketing,Female,3,Manager,Married,22700,2.0,14,3,23.0,2,2,2,3.0,4.0,3.0,3
909,35,Yes,Travel_Rarely,Research & Development,9,3,Life Sciences,Male,2,Manager,Divorced,173990,6.0,12,0,7.0,3,2,2,2.2,4.0,2.0,1
910,24,No,Travel_Frequently,Research & Development,15,3,Life Sciences,Male,2,Research Scientist,Single,54880,1.0,22,1,6.0,6,6,1,1.0,4.0,3.0,3
911,27,No,Travel_Rarely,Sales,10,4,Life Sciences,Male,3,Sales Executive,Married,194190,7.0,14,1,5.0,2,3,0,2.0,3.0,3.0,1
912,27,No,Travel_Frequently,Research & Development,7,3,Life Sciences,Male,1,Research Scientist,Single,28110,2.0,20,0,6.0,3,4,1,4.0,4.0,2.0,3
913,40,Yes,Travel_Rarely,Sales,16,4,Marketing,Male,1,Research Director,Single,36330,3.0,16,2,10.0,0,4,0,1.0,1.0,1.0,3
914,29,No,Travel_Rarely,Research & Development,20,1,Medical,Female,2,Manager,Single,41630,9.0,15,1,8.0,4,5,1,3.0,3.0,3.0,2
915,36,No,Travel_Rarely,Research & Development,23,3,Life Sciences,Female,3,Sales Executive,Married,21320,4.0,20,0,9.0,1,3,0,2.0,1.0,3.0,2
916,25,No,Travel_Frequently,Sales,5,1,Marketing,Male,4,Manufacturing Director,Divorced,139730,1.0,14,0,7.0,3,7,0,4.0,3.0,3.0,2
917,39,No,Travel_Rarely,Sales,10,3,Marketing,Female,2,Research Director,Married,26840,4.0,12,0,7.0,2,5,1,4.0,2.0,3.0,3
918,49,No,Travel_Rarely,Sales,4,2,Life Sciences,Male,2,Research Director,Married,108450,3.0,24,0,27.0,4,4,1,1.0,2.0,3.0,2
919,50,No,Travel_Rarely,Research & Development,2,2,Medical,Male,3,Sales Executive,Divorced,43770,5.0,12,1,19.0,2,14,1,4.0,1.0,3.0,2
920,20,No,Travel_Rarely,Research & Development,18,4,Medical,Female,2,Sales Executive,Single,37430,1.0,13,1,2.0,2,2,2,3.0,3.0,3.0,3
921,34,No,Travel_Rarely,Research & Development,10,3,Medical,Male,3,Laboratory Technician,Divorced,41480,1.0,11,0,11.0,3,11,7,4.0,2.0,3.0,3
922,36,No,Travel_Rarely,Research & Development,1,3,Life Sciences,Female,2,Healthcare Representative,Single,10510,2.0,14,0,15.0,2,4,1,1.0,2.0,3.0,3
923,49,No,Travel_Rarely,Human Resources,6,2,Life Sciences,Female,2,Research Scientist,Married,107390,2.0,11,3,30.0,3,15,2,3.0,3.0,3.0,3
924,36,No,Non-Travel,Research & Development,8,4,Life Sciences,Male,4,Laboratory Technician,Married,103880,0.0,14,0,4.0,2,3,1,4.0,3.0,3.0,3
925,36,No,Travel_Rarely,Research & Development,2,2,Medical,Female,2,Healthcare Representative,Divorced,114160,6.0,16,0,13.0,2,5,0,4.0,1.0,3.0,3
926,54,No,Travel_Rarely,Sales,24,3,Marketing,Male,1,Laboratory Technician,Married,26000,3.0,14,0,36.0,5,10,4,2.0,3.0,3.0,3
927,43,No,Travel_Rarely,Research & Development,2,4,Life Sciences,Female,1,Research Scientist,Married,24220,1.0,11,1,14.0,2,14,6,3.0,3.0,3.0,3
928,35,Yes,Travel_Frequently,Research & Development,17,4,Medical,Male,1,Research Director,Single,54720,3.0,11,1,13.0,3,11,6,4.0,4.0,4.0,2
929,38,No,Travel_Frequently,Research & Development,19,2,Life Sciences,Male,2,Research Scientist,Married,24510,7.0,12,1,19.0,3,13,2,4.0,4.0,4.0,3
930,29,No,Travel_Rarely,Research & Development,1,2,Medical,Male,2,Sales Representative,Divorced,42400,1.0,14,0,10.0,2,10,0,1.0,2.0,2.0,2
931,33,No,Travel_Rarely,Research & Development,7,3,Medical,Male,5,Sales Executive,Divorced,109990,1.0,18,3,6.0,3,6,0,4.0,4.0,3.0,2
932,32,No,Travel_Rarely,Research & Development,5,4,Technical Degree,Male,5,Research Scientist,Divorced,50030,2.2,13,0,10.0,5,9,1,4.0,2.0,2.0,3
933,31,No,Travel_Rarely,Research & Development,28,4,Technical Degree,Female,2,Sales Executive,Married,127420,1.0,11,0,10.0,4,10,0,1.0,4.0,3.0,2
934,49,No,Travel_Rarely,Research & Development,2,4,Medical,Male,1,Laboratory Technician,Divorced,42270,4.0,18,0,17.0,3,2,2,4.0,1.0,2.0,2
935,38,No,Travel_Frequently,Sales,29,2,Medical,Female,1,Sales Executive,Single,39170,1.0,15,3,4.0,2,4,3,4.0,2.0,3.0,3
936,47,No,Travel_Rarely,Research & Development,1,4,Medical,Male,3,Laboratory Technician,Divorced,183030,6.0,22,1,29.0,2,3,1,2.0,2.0,3.0,2
937,49,No,Travel_Rarely,Research & Development,21,3,Medical,Male,2,Manufacturing Director,Single,23800,4.0,13,0,23.0,3,8,0,3.0,3.0,3.0,1
938,41,No,Travel_Rarely,Research & Development,24,4,Life Sciences,Female,4,Manager,Single,137260,3.0,12,0,21.0,6,2,0,4.0,3.0,3.0,4
939,20,No,Travel_Rarely,Research & Development,1,3,Life Sciences,Male,1,Sales Representative,Single,47770,1.0,18,1,2.0,3,2,0,4.0,1.0,3.0,3
940,33,No,Non-Travel,Research & Development,18,2,Medical,Female,2,Healthcare Representative,Divorced,63850,1.0,13,0,7.0,6,6,1,3.0,4.0,3.0,2
941,36,No,Travel_Rarely,Research & Development,2,2,Technical Degree,Male,3,Sales Executive,Married,199730,6.0,12,0,10.0,2,3,0,1.0,3.0,2.0,3
942,44,No,Travel_Rarely,Research & Development,9,3,Technical Degree,Female,3,Healthcare Representative,Divorced,68610,4.0,12,0,8.0,2,2,2,3.0,4.0,3.0,2
943,23,Yes,Travel_Rarely,Human Resources,6,3,Life Sciences,Female,3,Laboratory Technician,Single,49690,1.0,12,0,5.0,3,5,1,4.0,3.0,3.0,3
944,38,No,Travel_Rarely,Research & Development,11,2,Life Sciences,Male,1,Sales Executive,Married,198450,7.0,11,1,7.0,3,0,0,4.0,3.0,2.0,3
945,53,No,Travel_Rarely,Research & Development,24,3,Life Sciences,Male,4,Research Director,Married,133200,3.0,11,0,11.0,2,4,1,2.0,4.0,3.0,3
946,48,Yes,Travel_Frequently,Sales,10,2,Marketing,Male,1,Healthcare Representative,Married,63470,2.0,12,1,19.0,3,9,7,4.0,3.0,3.0,1
947,32,Yes,Travel_Rarely,Sales,1,3,Life Sciences,Male,2,Research Scientist,Single,27430,1.0,19,1,1.0,2,1,0,4.0,2.0,3.0,3
948,26,No,Non-Travel,Research & Development,18,2,Medical,Male,1,Human Resources,Single,108800,1.0,23,1,7.0,5,7,5,4.0,4.0,3.0,3
949,55,No,Travel_Rarely,Research & Development,23,1,Life Sciences,Male,5,Laboratory Technician,Divorced,23420,5.0,11,2,8.0,2,4,1,1.0,2.0,3.0,3
950,34,No,Travel_Rarely,Sales,28,3,Life Sciences,Female,2,Research Scientist,Married,176500,1.0,19,1,15.0,6,15,4,2.0,4.0,4.0,1
951,60,No,Travel_Rarely,Sales,17,4,Medical,Male,1,Manager,Divorced,40250,3.0,13,1,19.0,5,1,0,3.0,4.0,4.0,2
952,33,No,Travel_Rarely,Sales,3,3,Life Sciences,Male,3,Manager,Married,97250,1.0,11,0,14.0,0,14,2,2.0,2.0,3.0,3
953,37,No,Travel_Frequently,Research & Development,13,3,Life Sciences,Male,1,Laboratory Technician,Divorced,119040,1.0,12,1,6.0,4,6,1,3.0,4.0,2.0,3
954,34,No,Travel_Rarely,Research & Development,7,2,Life Sciences,Male,1,Healthcare Representative,Married,21770,1.0,13,0,10.0,5,10,8,2.0,4.0,3.0,3
955,23,Yes,Travel_Rarely,Research & Development,12,2,Medical,Male,2,Research Scientist,Divorced,75250,1.0,14,2,3.0,2,3,0,3.0,4.0,3.0,3
956,44,No,Travel_Rarely,Human Resources,1,3,Life Sciences,Male,1,Research Scientist,Married,48340,1.0,14,0,9.0,1,8,6,3.0,4.0,3.0,4
957,35,No,Travel_Frequently,Research & Development,13,3,Life Sciences,Male,3,Sales Executive,Single,20420,0.0,16,0,6.0,2,5,1,1.0,4.0,4.0,3
958,43,No,Travel_Rarely,Research & Development,25,4,Life Sciences,Male,2,Sales Executive,Married,22200,1.0,11,0,10.0,2,10,8,4.0,4.0,3.0,1
959,24,No,Travel_Rarely,Research & Development,6,3,Life Sciences,Male,3,Sales Executive,Married,10520,1.0,13,0,5.0,3,5,0,3.0,3.0,3.0,3
960,41,No,Travel_Rarely,Sales,6,4,Marketing,Male,1,Research Scientist,Single,28210,1.0,17,0,10.0,3,10,8,4.0,3.0,3.0,3
961,29,No,Travel_Rarely,Research & Development,2,2,Life Sciences,Male,2,Research Scientist,Married,192370,9.0,11,1,9.0,2,5,1,4.0,3.0,3.0,3
962,36,No,Travel_Rarely,Human Resources,1,4,Life Sciences,Female,3,Research Scientist,Single,41070,3.0,11,1,17.0,2,13,6,3.0,4.0,2.0,1
963,45,No,Non-Travel,Sales,2,3,Life Sciences,Female,2,Manufacturing Director,Married,83960,3.0,15,2,25.0,3,23,14,3.0,3.0,2.0,2
964,24,Yes,Travel_Rarely,Sales,6,2,Medical,Female,2,Manager,Married,20070,1.0,12,0,1.0,2,1,0,4.0,3.0,3.0,2
965,47,Yes,Travel_Frequently,Research & Development,1,3,Medical,Female,2,Sales Executive,Married,196270,7.0,11,2,25.0,1,23,14,3.0,3.0,1.0,3
966,26,No,Travel_Rarely,Research & Development,9,1,Medical,Male,1,Sales Executive,Married,106860,1.0,14,1,3.0,2,3,0,4.0,3.0,4.0,3
967,45,No,Travel_Rarely,Research & Development,1,4,Life Sciences,Male,1,Research Director,Single,29420,1.0,22,1,21.0,4,21,8,4.0,2.0,3.0,3
968,32,No,Travel_Frequently,Sales,1,1,Marketing,Male,2,Laboratory Technician,Married,88580,6.0,16,1,10.0,2,5,1,1.0,3.0,2.0,3
969,31,No,Travel_Rarely,Research & Development,14,2,Life Sciences,Male,1,Sales Executive,Married,167560,1.0,11,2,6.0,5,5,0,2.0,3.0,4.0,3
970,41,No,Non-Travel,Sales,2,2,Medical,Male,2,Research Scientist,Married,107980,6.0,14,2,10.0,5,3,1,3.0,2.0,3.0,1
971,40,No,Travel_Rarely,Research & Development,22,2,Technical Degree,Male,1,Healthcare Representative,Married,23230,2.0,16,1,18.0,2,1,0,2.0,1.0,3.0,3
972,24,No,Travel_Rarely,Research & Development,3,3,Life Sciences,Female,1,Research Scientist,Divorced,14160,1.0,15,1,6.0,3,6,1,2.0,1.0,4.0,2
973,46,No,Travel_Rarely,Research & Development,6,3,Medical,Male,4,Sales Executive,Single,46150,6.0,12,0,19.0,3,10,0,3.0,2.0,3.0,2
974,35,No,Travel_Rarely,Sales,8,4,Life Sciences,Male,1,Laboratory Technician,Married,24610,2.0,20,1,17.0,4,7,0,4.0,3.0,3.0,3
975,30,No,Travel_Rarely,Sales,9,4,Marketing,Male,1,Laboratory Technician,Married,87220,1.0,17,1,10.0,3,10,0,2.0,4.0,2.0,3
976,47,No,Non-Travel,Research & Development,3,2,Life Sciences,Female,2,Sales Executive,Married,39550,7.0,12,1,4.0,5,1,0,3.0,2.0,1.0,3
977,46,No,Travel_Rarely,Research & Development,1,4,Technical Degree,Female,3,Sales Executive,Divorced,99570,4.0,20,0,13.0,1,10,0,3.0,4.0,2.0,3
978,36,Yes,Travel_Rarely,Research & Development,1,3,Medical,Male,2,Manufacturing Director,Divorced,33760,5.0,20,0,16.0,3,2,2,2.0,1.0,3.0,3
979,32,Yes,Travel_Rarely,Research & Development,26,3,Medical,Female,2,Research Director,Single,88230,6.0,13,2,10.0,3,0,0,1.0,2.0,3.0,3
980,23,No,Travel_Rarely,Sales,6,4,Life Sciences,Male,3,Manufacturing Director,Single,103220,1.0,14,2,3.0,2,3,1,3.0,2.0,1.0,3
981,31,No,Travel_Frequently,Sales,3,3,Marketing,Male,2,Sales Executive,Single,46210,2.0,18,1,9.0,3,5,1,4.0,4.0,2.0,3
982,39,No,Non-Travel,Research & Development,3,3,Life Sciences,Female,2,Manufacturing Director,Married,109760,1.0,11,0,9.0,3,9,5,4.0,4.0,3.0,2
983,32,No,Travel_Rarely,Research & Development,6,3,Technical Degree,Male,1,Research Scientist,Married,36600,3.0,11,2,10.0,0,4,0,4.0,3.0,1.0,2
984,40,No,Travel_Rarely,Sales,6,3,Life Sciences,Male,3,Manufacturing Director,Single,104820,1.0,11,1,21.0,6,21,12,2.0,2.0,2.0,2
985,45,No,Travel_Rarely,Research & Development,19,4,Medical,Male,1,Sales Representative,Married,71190,4.0,15,0,9.0,2,5,0,3.0,3.0,4.0,3
986,30,No,Travel_Frequently,Sales,9,3,Life Sciences,Male,1,Research Director,Single,95820,0.0,12,1,10.0,2,9,0,4.0,1.0,3.0,3
987,24,No,Travel_Frequently,Sales,3,4,Marketing,Male,1,Sales Executive,Married,45080,0.0,11,1,3.0,5,2,2,1.0,4.0,2.4,3
988,30,Yes,Travel_Frequently,Research & Development,10,3,Life Sciences,Female,1,Human Resources,Divorced,22070,6.0,14,0,6.0,4,4,1,3.0,4.0,2.0,3
989,31,No,Travel_Rarely,Research & Development,3,2,Life Sciences,Male,3,Laboratory Technician,Married,77560,1.0,15,2,6.0,3,5,0,1.0,3.0,3.0,4
990,27,No,Travel_Rarely,Sales,3,3,Life Sciences,Male,1,Manager,Single,66940,1.0,13,1,6.0,2,6,1,3.0,4.0,2.0,2
991,29,Yes,Travel_Rarely,Sales,4,3,Marketing,Male,5,Research Scientist,Single,36910,1.0,13,0,2.0,3,2,2,2.0,2.0,3.0,3
992,29,No,Travel_Frequently,Research & Development,8,4,Life Sciences,Female,1,Sales Executive,Single,23770,8.0,21,1,10.0,2,3,0,4.0,3.0,4.0,3
993,30,No,Travel_Rarely,Sales,7,3,Life Sciences,Male,3,Sales Executive,Divorced,23130,2.0,11,0,12.0,5,7,1,3.0,1.0,3.0,3
994,34,No,Travel_Rarely,Research & Development,1,2,Medical,Female,2,Healthcare Representative,Married,176650,0.0,11,0,6.0,5,5,1,4.0,4.0,3.0,2
995,33,No,Non-Travel,Research & Development,2,4,Medical,Male,1,Sales Representative,Single,25960,8.0,14,1,13.0,4,11,1,4.0,2.0,2.0,3
996,49,No,Travel_Rarely,Sales,3,4,Marketing,Male,1,Sales Executive,Single,47280,3.0,11,1,8.0,4,5,0,4.0,4.0,4.0,3
997,33,Yes,Travel_Rarely,Research & Development,10,3,Life Sciences,Male,1,Sales Executive,Single,43020,2.0,13,0,11.0,3,0,0,1.0,1.0,2.0,1
998,38,No,Travel_Frequently,Research & Development,28,3,Medical,Male,1,Healthcare Representative,Married,29790,4.0,12,1,9.0,3,6,0,3.0,2.0,2.0,3
999,31,Yes,Travel_Rarely,Human Resources,9,4,Human Resources,Male,2,Laboratory Technician,Married,168850,2.0,14,2,10.0,2,1,0,1.0,3.0,3.0,3
1000,29,No,Travel_Rarely,Research & Development,3,4,Other,Female,2,Sales Representative,Divorced,55930,1.0,13,1,1.0,3,1,0,4.0,1.0,3.0,3
1001,30,No,Travel_Rarely,Research & Development,2,1,Medical,Male,1,Sales Representative,Married,104450,3.0,18,1,10.0,3,7,1,3.0,3.0,3.0,3
1002,32,No,Non-Travel,Research & Development,10,4,Life Sciences,Female,1,Laboratory Technician,Single,87400,2.0,11,1,12.0,2,7,0,2.0,2.0,3.0,3
1003,38,No,Travel_Rarely,Research & Development,8,2,Technical Degree,Female,1,Manufacturing Director,Married,25140,3.0,11,0,15.0,2,1,1,2.0,4.0,3.0,2
1004,43,Yes,Travel_Frequently,Research & Development,1,4,Other,Male,3,Sales Executive,Married,76550,9.0,12,1,6.0,3,1,0,3.0,3.0,3.0,3
1005,42,No,Travel_Rarely,Human Resources,1,3,Other,Female,1,Healthcare Representative,Divorced,174650,8.0,13,1,7.0,3,5,0,2.0,2.0,2.0,3
1006,55,No,Travel_Rarely,Research & Development,3,2,Life Sciences,Female,1,Sales Executive,Married,73510,8.0,20,1,34.0,3,1,0,3.0,1.0,3.0,3
1007,33,No,Non-Travel,Research & Development,14,3,Other,Male,1,Research Scientist,Divorced,108200,5.0,12,0,11.0,2,9,1,4.0,2.0,2.0,3
1008,41,No,Travel_Rarely,Research & Development,5,3,Medical,Male,1,Sales Representative,Divorced,121690,1.0,19,0,5.0,2,5,0,3.0,1.0,3.0,3
1009,34,No,Non-Travel,Research & Development,7,4,Medical,Female,1,Research Scientist,Divorced,196260,1.0,21,0,15.0,5,15,0,4.0,3.0,3.0,2
1010,53,No,Non-Travel,Research & Development,10,4,Medical,Male,2,Healthcare Representative,Married,20700,4.0,13,2,27.0,2,3,0,1.0,3.0,2.0,4
1011,43,No,Travel_Rarely,Sales,16,2,Marketing,Female,1,Laboratory Technician,Single,67820,0.0,16,1,10.0,2,9,1,2.0,4.0,3.0,3
1012,34,No,Travel_Rarely,Sales,10,2,Life Sciences,Female,5,Sales Executive,Single,77790,5.0,12,1,6.0,2,2,2,4.0,4.0,3.0,3
1013,21,Yes,Travel_Rarely,Sales,1,2,Marketing,Male,5,Healthcare Representative,Single,27910,1.0,14,0,1.0,3,1,1,2.0,2.0,3.0,4
1014,38,No,Travel_Rarely,Research & Development,8,2,Life Sciences,Female,2,Sales Executive,Married,32010,1.0,11,1,5.0,3,5,0,4.0,3.0,3.0,2
1015,22,Yes,Travel_Rarely,Research & Development,1,3,Other,Male,4,Research Scientist,Married,49680,1.0,14,0,1.0,3,1,0,3.0,1.0,3.0,3
1016,31,No,Travel_Rarely,Research & Development,8,5,Life Sciences,Male,5,Sales Executive,Married,131200,1.0,12,2,13.0,6,12,5,1.0,4.0,3.0,2
1017,51,No,Travel_Rarely,Research & Development,1,4,Life Sciences,Female,1,Manager,Married,40330,2.0,14,0,15.0,2,2,2,1.0,3.0,3.0,3
1018,37,No,Travel_Rarely,Research & Development,24,1,Life Sciences,Male,2,Sales Executive,Married,32910,1.0,16,3,5.0,2,5,0,2.0,2.0,3.0,2
1019,46,No,Travel_Rarely,Sales,3,4,Marketing,Female,1,Sales Representative,Divorced,42720,7.0,13,0,24.0,3,2,2,3.0,4.0,3.0,4
1020,36,No,Travel_Rarely,Research & Development,27,3,Technical Degree,Female,4,Research Scientist,Married,50560,7.0,12,0,15.0,2,12,5,4.0,1.0,3.0,2
1021,44,Yes,Travel_Frequently,Sales,10,4,Life Sciences,Male,1,Research Scientist,Divorced,28440,1.0,12,0,6.0,2,5,2,3.0,2.0,2.0,4
1022,37,No,Travel_Rarely,Research & Development,19,2,Technical Degree,Male,2,Sales Executive,Divorced,27030,2.0,14,0,19.0,2,10,4,3.0,2.0,2.0,3
1023,35,Yes,Travel_Rarely,Research & Development,15,4,Life Sciences,Male,2,Research Scientist,Single,19040,1.0,22,1,10.0,4,10,7,3.0,4.0,3.0,3
1024,33,No,Travel_Rarely,Research & Development,8,5,Medical,Male,2,Laboratory Technician,Married,82240,6.0,19,0,14.0,3,10,7,4.0,1.0,3.0,3
1025,28,No,Travel_Rarely,Sales,9,3,Medical,Female,2,Sales Executive,Married,47660,1.0,12,0,5.0,3,5,0,3.0,4.0,4.0,3
1026,39,No,Travel_Rarely,Sales,3,4,Marketing,Female,2,Laboratory Technician,Single,26100,7.0,12,0,9.0,2,4,2,3.0,3.0,3.0,2
1027,46,No,Non-Travel,Research & Development,9,2,Life Sciences,Male,2,Manufacturing Director,Single,57310,8.0,17,0,6.0,2,2,2,2.0,2.0,3.0,3
1028,40,No,Travel_Rarely,Research & Development,2,2,Medical,Male,1,Research Director,Married,25390,4.0,12,1,7.0,3,4,0,3.0,1.0,2.0,3
1029,42,No,Travel_Rarely,Research & Development,7,4,Other,Female,2,Laboratory Technician,Married,57140,5.0,11,0,10.0,2,0,0,2.0,1.0,2.0,3
1030,35,No,Non-Travel,Sales,10,1,Life Sciences,Female,2,Research Director,Divorced,43230,2.0,18,3,15.0,3,7,1,2.0,4.0,3.0,3
1031,38,No,Non-Travel,Sales,6,4,Marketing,Male,3,Sales Executive,Divorced,73360,5.0,11,0,13.0,3,11,3,1.0,2.0,3.0,3
1032,34,Yes,Travel_Frequently,Research & Development,2,1,Life Sciences,Male,1,Manufacturing Director,Married,134990,4.0,23,2,11.0,2,7,0,4.0,1.0,2.0,4
1033,37,Yes,Travel_Rarely,Research & Development,24,3,Life Sciences,Male,1,Laboratory Technician,Single,137580,1.0,11,1,10.0,5,10,0,4.0,1.0,1.0,3
1034,39,No,Travel_Frequently,Research & Development,2,1,Medical,Male,2,Healthcare Representative,Divorced,51550,2.0,18,1,7.0,3,2,2,3.0,4.0,3.0,2
1035,43,No,Non-Travel,Human Resources,8,5,Medical,Female,3,Sales Executive,Single,22580,4.0,18,0,7.0,2,3,1,1.0,3.0,2.0,3
1036,41,No,Travel_Rarely,Research & Development,3,3,Life Sciences,Male,3,Research Scientist,Single,35970,3.0,13,1,11.0,2,3,1,2.0,2.0,1.0,1
1037,41,No,Travel_Rarely,Research & Development,1,1,Technical Degree,Male,3,Laboratory Technician,Divorced,25150,0.0,18,0,23.0,2,22,13,3.0,3.0,4.0,2
1038,30,No,Travel_Rarely,Sales,26,3,Marketing,Female,2,Manager,Single,44200,9.0,11,0,9.0,3,7,0,1.0,3.0,3.0,3
1039,26,Yes,Travel_Rarely,Human Resources,2,1,Technical Degree,Female,3,Sales Executive,Married,65780,0.0,15,2,6.0,3,5,1,4.0,2.0,3.0,2
1040,46,Yes,Travel_Rarely,Research & Development,10,3,Medical,Male,1,Sales Executive,Married,44220,4.0,11,1,13.0,2,9,3,4.0,2.0,4.0,3
1041,40,No,Travel_Rarely,Sales,27,2,Medical,Female,3,Sales Executive,Divorced,102740,4.0,18,0,12.0,3,5,0,3.0,4.0,3.0,3
1042,34,No,Travel_Rarely,Research & Development,2,3,Life Sciences,Male,2,Laboratory Technician,Married,53430,1.0,14,0,10.0,5,10,4,2.0,3.0,3.0,2
1043,58,No,Non-Travel,Research & Development,2,4,Medical,Male,1,Laboratory Technician,Divorced,23760,4.0,12,1,37.0,3,16,14,2.0,2.0,2.0,3
1044,35,No,Travel_Rarely,Research & Development,8,1,Technical Degree,Female,3,Manufacturing Director,Married,53460,0.0,14,0,6.0,3,5,0,2.0,3.0,4.0,2
1045,47,No,Travel_Rarely,Research & Development,19,5,Medical,Female,2,Research Scientist,Divorced,28270,8.0,14,1,28.0,3,22,14,3.0,2.0,3.0,3
1046,40,No,Travel_Rarely,Research & Development,1,4,Life Sciences,Male,2,Manager,Divorced,199430,2.0,13,1,15.0,3,7,7,2.0,1.0,3.0,3
1047,54,No,Travel_Rarely,Sales,27,4,Medical,Male,1,Research Scientist,Married,31310,4.0,14,0,14.0,3,7,1,4.0,4.0,2.0,2
1048,31,No,Travel_Frequently,Sales,8,4,Other,Female,3,Manufacturing Director,Married,25520,2.0,18,0,9.0,2,3,2,1.0,1.0,3.0,3
1049,28,No,Travel_Rarely,Sales,1,2,Life Sciences,Male,3,Manager,Married,44770,1.0,15,0,3.0,6,3,1,3.0,1.0,3.0,3
1050,38,No,Travel_Rarely,Research & Development,19,3,Medical,Female,2,Manufacturing Director,Married,64740,2.0,13,2,20.0,3,4,0,2.0,4.0,2.0,1
1051,26,No,Travel_Rarely,Sales,8,3,Marketing,Female,1,Healthcare Representative,Single,30330,1.0,12,0,5.0,2,5,1,3.0,4.0,3.0,2
1052,58,No,Travel_Frequently,Research & Development,10,4,Technical Degree,Female,1,Sales Representative,Married,29360,2.0,13,1,23.0,3,2,2,1.0,3.0,3.0,3
1053,18,No,Non-Travel,Research & Development,2,3,Life Sciences,Male,3,Sales Representative,Single,186060,1.0,24,2,0.0,4,0,0,2.0,3.0,1.0,3
1054,31,Yes,Travel_Rarely,Research & Development,2,3,Life Sciences,Male,3,Laboratory Technician,Married,21680,0.0,14,1,2.0,2,1,0,4.0,1.0,3.0,3
1055,29,Yes,Travel_Rarely,Research & Development,8,2,Medical,Male,1,Manager,Divorced,28530,4.0,14,1,4.0,5,2,2,1.0,1.0,3.0,2
1056,45,No,Non-Travel,Sales,1,4,Technical Degree,Male,1,Research Scientist,Married,170480,4.0,15,0,10.0,3,8,5,3.0,3.0,4.0,2
1057,36,No,Travel_Rarely,Sales,2,3,Technical Degree,Female,5,Laboratory Technician,Married,22900,4.0,11,0,15.0,5,1,0,4.0,2.0,3.0,3
1058,43,No,Travel_Frequently,Sales,8,3,Medical,Male,1,Research Director,Married,36000,1.0,23,0,7.0,2,7,7,1.0,4.0,3.0,3
1059,27,No,Travel_Frequently,Sales,8,4,Life Sciences,Male,5,Research Scientist,Single,21070,0.0,13,0,6.0,2,5,0,4.0,4.0,2.0,3
1060,29,No,Travel_Frequently,Research & Development,6,2,Medical,Male,1,Human Resources,Married,41150,1.0,11,0,11.0,1,11,3,4.0,4.0,4.0,3
1061,32,No,Travel_Frequently,Sales,9,4,Life Sciences,Male,4,Sales Executive,Single,43270,8.0,13,0,4.0,4,0,0,4.0,4.0,4.0,3
1062,42,No,Non-Travel,Research & Development,11,3,Medical,Male,1,Manager,Married,178560,3.0,18,0,10.0,2,6,3,3.0,3.0,2.0,3
1063,47,No,Travel_Rarely,Sales,2,2,Life Sciences,Female,5,Manager,Single,31960,4.0,14,1,7.0,3,2,2,2.0,3.0,3.0,2
1064,46,No,Travel_Rarely,Human Resources,1,3,Life Sciences,Female,1,Laboratory Technician,Divorced,190810,3.0,21,0,12.0,2,9,4,4.0,4.0,2.0,3
1065,28,No,Non-Travel,Research & Development,7,3,Life Sciences,Male,1,Sales Executive,Divorced,89660,1.0,16,1,3.0,3,3,2,3.0,4.0,3.0,2
1066,29,No,Travel_Rarely,Research & Development,16,3,Medical,Female,1,Manufacturing Director,Divorced,22100,8.0,11,1,11.0,4,7,1,4.0,3.0,3.0,3
1067,42,No,Travel_Rarely,Sales,2,4,Medical,Female,2,Research Director,Single,45390,4.0,17,1,8.0,5,0,0,4.0,3.0,3.0,3
1068,32,Yes,Travel_Rarely,Research & Development,1,1,Medical,Male,2,Laboratory Technician,Single,27410,7.0,11,0,7.0,3,2,2,3.0,2.0,2.0,3
1069,46,No,Travel_Rarely,Research & Development,23,1,Life Sciences,Male,2,Laboratory Technician,Divorced,34910,2.0,14,0,25.0,0,19,2,1.0,1.0,3.0,3
1070,27,No,Travel_Rarely,Sales,2,3,Life Sciences,Female,5,Research Scientist,Married,45410,1.0,14,2,9.0,4,9,5,2.0,3.0,3.0,4
1071,29,No,Travel_Rarely,Research & Development,1,2,Medical,Male,3,Sales Executive,Married,26780,1.0,25,1,1.0,3,1,0,4.0,2.0,3.0,3
1072,43,No,Travel_Rarely,Research & Development,1,3,Life Sciences,Male,1,Manufacturing Director,Married,73790,7.0,13,2,21.0,3,16,6,1.0,3.0,3.0,2
1073,48,No,Travel_Rarely,Research & Development,2,3,Life Sciences,Female,2,Manager,Married,62720,4.0,14,0,29.0,3,22,12,4.0,2.0,3.0,2
1074,29,Yes,Travel_Frequently,Research & Development,13,2,Life Sciences,Female,1,Laboratory Technician,Single,52200,1.0,17,0,1.0,3,1,1,4.0,4.0,2.0,2
1075,46,Yes,Travel_Rarely,Research & Development,4,4,Medical,Female,2,Sales Representative,Married,27430,5.0,25,1,14.0,1,8,0,3.0,2.0,3.0,4
1076,27,No,Travel_Frequently,Research & Development,16,4,Medical,Male,3,Healthcare Representative,Married,49980,0.0,20,2,8.0,3,7,7,4.0,1.0,2.0,3
1077,39,No,Travel_Rarely,Research & Development,2,3,Technical Degree,Male,3,Healthcare Representative,Divorced,102520,8.0,13,1,7.0,3,2,2,3.4,4.0,3.0,3
1078,55,No,Travel_Rarely,Research & Development,2,3,Life Sciences,Female,1,Human Resources,Married,27810,8.0,13,1,19.0,2,5,0,2.0,4.0,4.0,3
1079,28,No,Travel_Rarely,Research & Development,29,2,Life Sciences,Male,2,Laboratory Technician,Married,68520,1.0,18,1,1.0,2,1,0,2.0,2.0,3.0,4
1080,30,Yes,Travel_Rarely,Sales,12,4,Life Sciences,Female,2,Sales Executive,Single,49500,1.0,12,2,1.0,3,1,0,2.0,4.0,2.0,3
1081,22,Yes,Travel_Rarely,Research & Development,16,2,Life Sciences,Female,2,Laboratory Technician,Single,35790,1.0,19,3,1.0,3,1,0,4.0,2.0,3.0,3
1082,36,No,Travel_Rarely,Research & Development,11,3,Life Sciences,Male,1,Sales Executive,Married,131910,1.0,14,1,10.0,2,10,1,2.0,3.0,3.0,2
1083,31,No,Travel_Rarely,Research & Development,2,4,Life Sciences,Female,5,Manager,Divorced,103770,1.0,14,0,10.0,2,10,0,2.0,3.0,3.0,3
1084,34,No,Travel_Rarely,Sales,14,2,Technical Degree,Female,1,Sales Executive,Married,22350,2.0,14,1,9.0,2,5,1,3.0,4.0,3.0,3
1085,29,No,Travel_Rarely,Research & Development,5,5,Life Sciences,Female,1,Sales Executive,Single,105020,3.0,12,0,11.0,4,3,1,4.0,1.0,3.0,2
1086,37,No,Travel_Rarely,Research & Development,7,2,Medical,Male,1,Manufacturing Director,Married,20110,5.0,13,0,16.0,4,5,0,4.0,1.0,3.0,4
1087,35,No,Travel_Rarely,Sales,2,1,Technical Degree,Male,2,Laboratory Technician,Married,18590,0.0,25,1,4.0,2,3,0,4.0,2.0,3.0,2
1088,45,No,Travel_Rarely,Research & Development,3,3,Medical,Female,2,Sales Executive,Married,37600,0.0,14,1,10.0,2,9,3,2.0,4.0,2.0,2
1089,36,No,Travel_Frequently,Research & Development,5,3,Medical,Female,4,Manufacturing Director,Single,177790,1.0,17,1,10.0,5,10,0,2.0,4.0,2.0,1
1090,40,No,Travel_Rarely,Research & Development,3,3,Other,Male,1,Sales Executive,Divorced,68330,2.0,13,0,22.0,3,19,11,1.0,1.0,3.0,3
1091,26,No,Travel_Rarely,Research & Development,26,2,Life Sciences,Male,2,Human Resources,Married,68120,1.0,13,0,1.0,2,1,1,2.0,3.0,2.0,2
1092,27,No,Travel_Rarely,Research & Development,4,3,Technical Degree,Male,2,Manufacturing Director,Single,51710,0.0,20,1,9.0,1,8,0,1.0,3.0,2.8,2
1093,48,No,Travel_Frequently,Research & Development,2,3,Life Sciences,Male,2,Research Director,Divorced,197400,3.0,14,0,24.0,2,22,4,4.0,4.0,3.0,4
1094,44,No,Travel_Rarely,Sales,1,2,Medical,Male,4,Manager,Married,187110,2.0,12,1,10.0,0,2,2,2.0,1.0,3.0,3
1095,34,Yes,Non-Travel,Research & Development,27,2,Life Sciences,Female,1,Sales Representative,Married,36920,1.0,12,1,5.0,5,5,3,4.0,1.0,3.0,3
1096,56,Yes,Travel_Rarely,Human Resources,1,2,Medical,Female,5,Sales Executive,Single,25590,1.0,21,0,5.0,3,4,1,1.0,4.0,3.0,3
1097,36,No,Travel_Rarely,Research & Development,13,3,Technical Degree,Female,3,Healthcare Representative,Married,25170,2.0,14,0,12.0,3,4,1,3.0,2.0,1.0,3
1098,41,No,Travel_Rarely,Research & Development,5,3,Life Sciences,Female,1,Sales Executive,Married,66230,5.0,18,0,14.0,3,5,1,3.0,2.0,3.0,3
1099,42,No,Travel_Rarely,Research & Development,7,3,Technical Degree,Female,2,Sales Executive,Married,182650,9.0,12,1,18.0,4,13,5,3.0,1.0,4.0,3
1100,31,No,Travel_Rarely,Sales,9,4,Life Sciences,Female,1,Sales Executive,Divorced,161240,2.0,23,1,8.0,2,5,1,3.0,4.0,3.0,2
1101,34,No,Travel_Rarely,Research & Development,8,1,Life Sciences,Female,3,Laboratory Technician,Married,25850,3.0,12,0,9.0,5,4,0,4.0,4.0,2.0,3
1102,31,No,Travel_Rarely,Sales,25,2,Life Sciences,Female,3,Manufacturing Director,Divorced,182130,8.0,21,2,4.0,3,2,2,1.0,3.0,2.0,4
1103,26,No,Travel_Frequently,Sales,16,2,Life Sciences,Male,2,Healthcare Representative,Married,83800,2.6,14,0,8.0,3,7,7,3.0,4.0,3.0,4
1104,45,No,Travel_Frequently,Research & Development,8,4,Life Sciences,Female,2,Manager,Single,29940,4.0,18,1,12.0,2,4,0,2.0,3.0,3.0,3
1105,33,No,Travel_Rarely,Sales,1,3,Life Sciences,Female,5,Sales Executive,Single,12230,1.0,13,1,10.0,3,10,0,2.0,3.0,2.0,3
1106,28,No,Travel_Frequently,Sales,8,3,Life Sciences,Male,4,Research Scientist,Married,11180,1.0,11,0,7.0,3,7,0,3.0,4.0,3.0,3
1107,29,Yes,Travel_Frequently,Human Resources,2,4,Human Resources,Male,2,Sales Executive,Single,28750,1.0,11,0,1.0,3,1,0,3.0,1.0,3.0,3
1108,39,No,Non-Travel,Research & Development,8,5,Medical,Female,2,Sales Representative,Married,188240,6.0,19,1,10.0,4,3,1,1.0,3.0,3.0,3
1109,27,No,Travel_Rarely,Sales,3,2,Technical Degree,Male,2,Healthcare Representative,Married,135770,1.0,12,1,6.0,2,5,1,2.0,2.0,2.0,3
1110,34,No,Travel_Frequently,Research & Development,9,4,Life Sciences,Female,2,Manufacturing Director,Married,26250,1.0,12,3,16.0,4,15,6,3.0,4.0,3.0,3
1111,28,Yes,Travel_Rarely,Research & Development,25,3,Technical Degree,Male,1,Research Director,Single,187890,3.0,16,1,6.0,4,2,2,4.0,3.0,3.0,3
1112,47,No,Non-Travel,Research & Development,1,4,Medical,Male,1,Research Scientist,Married,45380,8.0,11,0,16.0,3,8,1,3.0,2.0,4.0,3
1113,56,No,Travel_Rarely,Research & Development,4,3,Technical Degree,Female,2,Sales Executive,Married,198470,4.0,14,0,6.0,6,0,0,4.0,1.0,3.0,3
1114,39,No,Travel_Rarely,Research & Development,1,3,Other,Female,1,Laboratory Technician,Married,105120,1.0,12,1,10.0,2,10,7,1.0,1.0,3.0,3
1115,38,No,Travel_Frequently,Research & Development,4,2,Medical,Female,1,Manager,Divorced,44440,1.0,13,0,20.0,2,20,0,4.0,2.0,3.0,3
1116,58,No,Travel_Rarely,Sales,5,3,Marketing,Male,5,Sales Representative,Married,21540,4.0,21,1,29.0,3,1,0,4.0,4.0,2.0,3
1117,32,Yes,Travel_Frequently,Research & Development,9,3,Life Sciences,Male,2,Laboratory Technician,Single,191900,3.0,17,1,8.0,2,4,0,1.0,3.0,3.0,3
1118,38,No,Travel_Rarely,Research & Development,3,4,Life Sciences,Female,1,Sales Representative,Divorced,44900,2.0,21,1,10.0,1,5,0,2.0,4.0,4.0,3
1119,49,No,Travel_Frequently,Sales,11,4,Life Sciences,Male,2,Research Scientist,Married,35060,3.0,11,1,28.0,4,5,4,2.0,4.0,3.0,2
1120,42,No,Travel_Rarely,Sales,1,3,Life Sciences,Female,1,Sales Executive,Divorced,23720,3.0,12,1,14.0,3,0,0,2.0,4.0,3.0,3
1121,27,Yes,Travel_Frequently,Sales,8,1,Life Sciences,Male,4,Laboratory Technician,Married,102310,1.0,13,1,1.0,2,1,0,1.0,2.0,3.0,3
1122,35,No,Travel_Rarely,Research & Development,25,1,Medical,Male,1,Sales Executive,Married,54100,0.0,18,0,6.0,4,5,0,2.0,1.0,1.0,3
1123,28,No,Non-Travel,Research & Development,21,1,Medical,Male,3,Research Scientist,Single,79780,1.0,16,2,5.0,2,5,1,3.0,3.0,2.0,3
1124,31,No,Non-Travel,Sales,23,1,Medical,Male,1,Sales Executive,Divorced,38670,1.0,11,1,4.0,4,4,2,3.0,1.0,4.0,4
1125,36,No,Non-Travel,Research & Development,1,3,Life Sciences,Male,2,Research Scientist,Married,28380,1.0,19,2,5.0,5,5,0,1.0,2.0,3.0,1
1126,34,No,Travel_Rarely,Sales,2,3,Marketing,Male,4,Healthcare Representative,Single,46950,1.0,16,1,14.0,2,14,2,1.0,4.0,2.0,3
1127,34,No,Travel_Rarely,Research & Development,19,3,Technical Degree,Female,1,Research Director,Divorced,33390,1.0,16,0,9.0,2,8,1,4.0,3.0,2.0,2
1128,26,No,Travel_Rarely,Research & Development,2,2,Life Sciences,Male,2,Research Scientist,Single,20800,0.0,13,0,8.0,6,7,7,3.0,1.0,2.0,4
1129,29,No,Travel_Rarely,Research & Development,2,4,Other,Male,2,Laboratory Technician,Married,20960,0.0,22,0,6.0,2,5,0,1.0,1.0,2.0,4
1130,32,No,Non-Travel,Research & Development,3,1,Life Sciences,Male,3,Manager,Divorced,62090,5.0,17,1,9.0,5,5,1,3.0,4.0,3.0,4
1131,31,No,Travel_Frequently,Research & Development,25,5,Technical Degree,Female,2,Human Resources,Married,180610,1.0,14,1,10.0,2,10,8,4.0,1.0,3.0,3
1132,28,Yes,Travel_Rarely,Sales,7,5,Life Sciences,Female,2,Sales Representative,Divorced,171230,5.0,15,1,6.0,2,4,0,3.0,4.0,2.0,2
1133,38,No,Travel_Rarely,Research & Development,9,2,Technical Degree,Male,3,Sales Representative,Single,23720,4.0,12,0,20.0,3,1,0,1.0,1.0,2.0,2
1134,35,No,Travel_Rarely,Research & Development,5,3,Life Sciences,Male,2,Sales Representative,Married,48830,1.0,18,1,10.0,1,10,0,3.0,4.0,3.0,1
1135,27,No,Travel_Rarely,Sales,2,3,Life Sciences,Female,1,Manager,Single,39040,1.0,15,0,7.0,2,7,0,4.0,4.0,3.0,3
1136,32,No,Travel_Rarely,Research & Development,8,1,Medical,Female,2,Research Scientist,Single,46270,8.0,17,1,8.0,2,1,0,4.0,4.0,3.0,2
1137,31,Yes,Travel_Frequently,Research & Development,2,1,Other,Male,3,Sales Executive,Married,70940,1.0,14,1,10.0,2,10,0,1.0,4.0,3.0,3
1138,53,Yes,Travel_Rarely,Research & Development,18,3,Medical,Male,1,Research Scientist,Single,34230,6.0,15,1,15.0,4,2,2,1.0,1.0,2.0,3
1139,54,No,Travel_Rarely,Research & Development,14,3,Other,Male,3,Research Scientist,Married,66740,3.0,17,1,9.0,2,4,2,1.0,3.0,2.0,3
1140,33,No,Travel_Frequently,Research & Development,2,4,Medical,Female,4,Sales Executive,Divorced,168800,1.0,14,3,9.0,2,9,2,4.0,3.0,3.0,3
1141,43,No,Travel_Rarely,Research & Development,3,3,Medical,Male,1,Research Scientist,Married,90940,1.0,12,1,10.0,0,10,0,1.0,3.0,3.0,3
1142,38,No,Travel_Frequently,Research & Development,2,5,Medical,Female,4,Sales Executive,Married,84460,0.0,14,0,7.0,3,6,1,4.0,2.0,3.0,2
1143,55,No,Travel_Rarely,Sales,9,3,Marketing,Male,2,Laboratory Technician,Married,119160,4.0,15,1,35.0,3,10,1,3.0,2.0,3.0,2
1144,31,No,Travel_Rarely,Sales,6,3,Other,Male,1,Manufacturing Director,Divorced,45340,1.0,13,0,1.0,2,1,0,4.0,4.0,3.0,3
1145,39,No,Travel_Rarely,Research & Development,4,3,Life Sciences,Male,2,Sales Executive,Single,98520,0.0,12,1,21.0,5,20,11,2.0,1.0,3.0,2
1146,42,No,Non-Travel,Research & Development,10,4,Life Sciences,Female,2,Research Scientist,Single,61510,1.0,13,1,20.0,3,20,3,4.0,3.0,3.0,3
1147,31,No,Non-Travel,Research & Development,14,2,Life Sciences,Male,2,Healthcare Representative,Married,23020,4.0,14,0,13.0,3,11,4,3.0,3.0,4.0,3
1148,54,No,Travel_Rarely,Research & Development,1,3,Medical,Female,2,Human Resources,Single,23620,6.0,13,1,9.0,2,5,1,3.0,1.0,3.0,4
1149,24,No,Travel_Rarely,Research & Development,5,4,Other,Male,1,Manufacturing Director,Single,178610,1.0,11,2,4.0,5,4,1,2.0,3.0,2.0,1
1150,23,No,Travel_Rarely,Research & Development,7,3,Life Sciences,Male,2,Research Scientist,Single,191870,1.0,11,1,5.0,2,5,1,4.0,4.0,4.0,3
1151,40,No,Travel_Frequently,Research & Development,21,3,Medical,Female,3,Research Scientist,Married,197170,1.0,21,0,10.0,1,10,9,4.0,3.0,4.0,2
1152,40,No,Travel_Rarely,Research & Development,8,1,Medical,Female,5,Research Scientist,Married,35440,3.0,18,3,15.0,3,11,5,2.0,2.0,3.0,2
1153,25,No,Travel_Rarely,Sales,20,5,Medical,Female,2,Laboratory Technician,Married,85000,4.0,12,0,6.0,2,2,1,3.0,2.0,3.0,3
1154,30,No,Travel_Rarely,Human Resources,20,4,Life Sciences,Male,2,Research Scientist,Married,46610,1.0,11,0,12.0,3,12,1,4.0,2.0,2.0,2
1155,25,No,Travel_Rarely,Research & Development,7,2,Medical,Male,5,Sales Executive,Divorced,41030,6.0,15,1,7.0,2,2,0,4.0,3.0,2.0,3
1156,47,No,Travel_Rarely,Research & Development,1,4,Life Sciences,Male,2,Sales Executive,Single,42490,2.0,13,1,25.0,2,17,12,1.0,3.0,3.0,2
1157,33,No,Non-Travel,Research & Development,1,3,Life Sciences,Male,2,Research Scientist,Divorced,140260,1.0,12,0,1.0,4,1,0,2.0,3.0,2.0,3
1158,38,No,Travel_Rarely,Research & Development,19,3,Life Sciences,Female,2,Sales Executive,Married,68930,0.0,17,0,16.0,3,15,5,4.0,2.0,3.0,3
1159,31,No,Travel_Rarely,Research & Development,10,4,Medical,Female,3,Sales Executive,Married,61250,0.0,13,1,3.0,3,2,1,1.0,3.0,3.0,3
1160,38,No,Travel_Frequently,Research & Development,1,4,Other,Male,2,Research Scientist,Married,36690,2.0,19,0,10.0,2,8,7,1.0,3.0,3.0,3
1161,42,No,Travel_Rarely,Research & Development,6,3,Medical,Male,2,Laboratory Technician,Divorced,100080,6.0,19,1,9.0,3,4,1,4.0,1.0,2.0,1
1162,41,No,Travel_Rarely,Sales,2,2,Medical,Male,1,Healthcare Representative,Married,23870,3.0,17,1,12.0,1,5,1,4.0,4.0,3.0,1
1163,47,No,Non-Travel,Research & Development,21,2,Medical,Male,1,Sales Executive,Married,46390,0.0,11,1,14.0,2,13,5,3.0,2.0,1.0,2
1164,35,No,Travel_Rarely,Research & Development,4,3,Life Sciences,Male,2,Healthcare Representative,Married,78980,7.0,15,0,5.0,2,2,2,4.0,3.0,3.0,2
1165,22,No,Travel_Rarely,Human Resources,12,1,Human Resources,Male,2,Sales Executive,Single,25340,0.0,11,0,4.0,1,3,1,4.0,3.0,4.0,3
1166,35,No,Travel_Rarely,Research & Development,9,3,Medical,Female,2,Sales Executive,Single,131420,1.0,25,2,10.0,4,10,0,2.0,3.0,3.0,3
1167,33,No,Travel_Rarely,Sales,3,4,Medical,Male,3,Healthcare Representative,Married,16110,0.0,14,0,10.0,2,9,8,2.0,4.0,3.0,2
1168,32,No,Travel_Rarely,Research & Development,3,2,Technical Degree,Male,3,Manufacturing Director,Single,53630,1.0,13,0,6.0,4,6,4,3.0,2.0,3.0,3
1169,40,No,Travel_Rarely,Research & Development,1,4,Medical,Male,2,Research Director,Married,50710,8.0,17,1,8.0,3,1,0,1.0,4.0,2.0,2
1170,32,No,Travel_Rarely,Research & Development,1,2,Medical,Male,3,Sales Executive,Married,136950,0.0,13,0,3.0,3,2,2,2.0,2.0,3.0,3
1171,39,No,Travel_Rarely,Research & Development,4,4,Life Sciences,Male,1,Sales Executive,Single,134020,7.0,14,1,18.0,1,7,1,1.0,4.0,3.0,3
1172,38,No,Travel_Rarely,Sales,20,4,Medical,Female,2,Research Director,Married,20290,3.0,11,1,20.0,3,18,1,2.0,3.0,3.0,2
1173,32,No,Travel_Rarely,Research & Development,18,3,Life Sciences,Male,2,Manager,Married,63770,1.0,12,2,14.0,3,14,5,3.0,4.0,3.0,3
1174,37,No,Travel_Rarely,Research & Development,1,3,Life Sciences,Female,4,Sales Executive,Married,54290,1.0,17,1,16.0,3,16,6,3.0,4.0,3.0,3
1175,25,No,Travel_Rarely,Research & Development,2,4,Medical,Female,2,Manufacturing Director,Divorced,27850,0.0,21,0,6.0,2,5,0,1.0,3.0,2.0,3
1176,52,No,Non-Travel,Research & Development,2,4,Other,Male,1,Manager,Divorced,46140,2.0,16,1,16.0,3,9,0,1.0,4.0,2.0,3
1177,44,No,Travel_Rarely,Research & Development,8,1,Life Sciences,Female,1,Sales Representative,Single,26100,6.0,15,0,6.0,2,4,1,2.0,4.0,3.0,3
1178,21,No,Travel_Rarely,Sales,10,5,Medical,Male,3,Research Scientist,Single,66870,1.0,19,3,2.0,0,2,1,3.0,1.0,3.0,3
1179,39,No,Non-Travel,Research & Development,3,4,Life Sciences,Female,2,Research Director,Single,47240,2.0,12,1,21.0,4,6,1,4.0,4.0,2.0,4
1180,23,Yes,Travel_Frequently,Research & Development,2,4,Life Sciences,Female,2,Manufacturing Director,Married,61790,1.0,11,0,1.0,3,1,1,4.0,1.0,2.0,3
1181,36,No,Travel_Rarely,Research & Development,24,3,Life Sciences,Female,2,Laboratory Technician,Married,61200,0.0,19,0,10.0,2,9,3,1.0,4.0,3.0,3
1182,36,No,Travel_Frequently,Research & Development,16,1,Medical,Male,2,Sales Executive,Divorced,105960,7.0,15,0,18.0,3,4,0,4.0,2.0,3.0,2
1183,56,No,Non-Travel,Research & Development,8,1,Life Sciences,Male,1,Sales Executive,Divorced,54670,1.0,20,0,13.0,6,13,1,3.0,3.0,2.0,2
1184,29,Yes,Travel_Rarely,Research & Development,9,4,Medical,Male,2,Sales Representative,Married,29960,9.0,25,0,4.0,4,2,2,1.0,4.0,4.0,3
1185,42,No,Travel_Rarely,Research & Development,17,1,Life Sciences,Male,3,Research Scientist,Married,99980,5.0,24,2,24.0,3,22,4,1.0,3.0,2.0,2
1186,56,Yes,Travel_Rarely,Sales,10,4,Other,Male,2,Sales Executive,Married,40780,8.0,24,1,14.0,3,10,9,4.0,3.0,1.0,3
1187,41,No,Travel_Rarely,Research & Development,13,4,Life Sciences,Female,1,Healthcare Representative,Married,109200,0.0,15,1,21.0,3,20,0,1.0,2.0,3.0,4
1188,34,No,Travel_Rarely,Sales,1,3,Medical,Female,1,Laboratory Technician,Married,62320,1.0,13,1,8.0,3,8,1,4.0,3.0,3.0,3
1189,36,No,Non-Travel,Sales,1,1,Medical,Female,1,Human Resources,Divorced,132470,1.0,14,0,15.0,3,15,11,4.0,4.0,2.0,3
1190,41,No,Travel_Rarely,Research & Development,1,5,Medical,Male,1,Healthcare Representative,Divorced,40810,2.0,13,0,14.0,3,5,0,3.0,2.0,3.0,3
1191,32,No,Travel_Rarely,Sales,9,4,Life Sciences,Female,2,Research Scientist,Single,57690,1.0,11,0,4.0,3,4,1,4.0,1.0,3.0,3
1192,35,No,Travel_Rarely,Research & Development,16,3,Medical,Female,2,Healthcare Representative,Single,23940,1.0,16,1,9.0,3,9,1,3.0,4.0,3.0,3
1193,38,No,Travel_Rarely,Research & Development,23,3,Medical,Male,3,Sales Representative,Married,39040,1.0,22,0,10.0,3,10,1,1.0,4.0,3.0,2
1194,50,Yes,Travel_Frequently,Sales,4,2,Life Sciences,Female,2,Laboratory Technician,Divorced,167990,7.0,14,1,12.0,2,6,0,2.0,3.0,3.0,2
1195,36,No,Travel_Rarely,Research & Development,22,4,Life Sciences,Male,1,Healthcare Representative,Married,29500,4.0,14,0,8.0,1,6,0,2.0,2.8,2.0,2
1196,45,No,Travel_Rarely,Sales,24,3,Life Sciences,Male,1,Laboratory Technician,Single,36290,8.0,16,1,8.0,2,5,0,4.0,3.0,3.0,4
1197,40,No,Travel_Rarely,Sales,10,4,Life Sciences,Male,1,Research Scientist,Single,93620,2.0,11,1,8.0,6,2,2,3.0,3.0,3.2,3
1198,35,No,Travel_Frequently,Sales,7,2,Life Sciences,Male,2,Manufacturing Director,Married,32290,1.0,25,0,10.0,2,10,0,3.0,3.0,4.0,2
1199,40,No,Travel_Rarely,Research & Development,17,4,Life Sciences,Male,1,Manager,Married,35780,2.0,14,1,20.0,2,5,0,3.0,3.0,3.0,3
1200,35,No,Travel_Rarely,Human Resources,14,1,Life Sciences,Male,2,Research Scientist,Married,79880,1.0,18,0,4.0,3,4,1,3.0,4.0,3.0,3
1201,29,No,Travel_Rarely,Research & Development,1,3,Medical,Male,3,Sales Executive,Married,42840,4.0,11,0,10.0,5,4,0,4.0,2.0,3.0,2
1202,29,No,Travel_Rarely,Research & Development,5,3,Medical,Male,2,Sales Representative,Single,75530,1.0,19,0,5.0,3,5,0,4.0,1.0,1.0,3
1203,50,Yes,Travel_Rarely,Research & Development,17,3,Medical,Male,1,Research Scientist,Divorced,173280,4.0,15,2,20.0,1,3,2,4.0,1.0,3.0,3
1204,39,No,Travel_Rarely,Sales,25,3,Medical,Male,2,Sales Executive,Married,197010,0.0,11,0,21.0,3,20,9,2.0,4.0,2.0,4
1205,31,No,Non-Travel,Research & Development,8,4,Life Sciences,Female,4,Sales Executive,Single,147320,0.0,12,0,10.0,3,9,1,2.0,1.0,3.0,3
1206,26,No,Travel_Rarely,Research & Development,11,4,Medical,Male,2,Manager,Single,92780,0.0,20,0,5.0,3,4,0,4.0,3.0,3.0,3
1207,36,No,Travel_Frequently,Research & Development,5,1,Technical Degree,Male,1,Sales Executive,Married,13590,4.0,12,0,17.0,2,5,0,3.0,4.0,3.0,3
1208,39,No,Travel_Rarely,Research & Development,2,1,Medical,Female,1,Research Scientist,Married,47790,4.0,14,2,9.0,3,7,1,4.0,1.0,3.0,3
1209,27,No,Travel_Rarely,Research & Development,8,2,Medical,Male,1,Laboratory Technician,Married,164220,1.0,20,1,6.0,3,6,0,2.0,2.0,3.0,3
1210,49,No,Travel_Frequently,Research & Development,6,1,Medical,Male,3,Healthcare Representative,Married,29960,2.0,18,1,17.0,2,9,0,4.0,2.0,2.0,2
1211,34,No,Travel_Rarely,Sales,4,3,Medical,Female,1,Sales Executive,Married,12610,2.0,14,1,6.0,6,4,1,2.0,3.0,4.0,3
1212,41,Yes,Travel_Rarely,Research & Development,7,2,Life Sciences,Female,1,Research Scientist,Single,20990,8.0,12,1,8.0,2,6,0,2.0,4.0,1.0,3
1213,49,No,Travel_Frequently,Sales,1,4,Life Sciences,Female,2,Manufacturing Director,Married,58100,1.0,21,1,10.0,2,10,1,3.0,2.0,3.0,3
1214,37,Yes,Travel_Rarely,Research & Development,2,3,Life Sciences,Male,1,Sales Executive,Single,56470,6.0,19,0,7.0,2,0,0,4.0,3.0,3.0,3
1215,33,No,Travel_Frequently,Research & Development,10,2,Medical,Male,2,Research Scientist,Married,34200,1.0,14,0,8.0,3,8,3,4.0,3.0,3.0,3
1216,27,No,Travel_Rarely,Sales,5,4,Medical,Female,4,Manufacturing Director,Married,44000,9.0,17,1,6.0,3,2,2,1.0,2.0,3.0,2
1217,32,No,Travel_Frequently,Research & Development,9,2,Medical,Female,2,Research Scientist,Single,35000,0.0,16,1,8.0,2,7,3,4.0,4.0,2.0,2
1218,59,No,Travel_Rarely,Sales,2,2,Marketing,Female,5,Sales Representative,Married,20660,4.0,12,1,12.0,3,1,0,3.0,1.0,2.0,3
1219,30,No,Travel_Rarely,Research & Development,11,4,Medical,Male,2,Laboratory Technician,Divorced,171690,1.0,17,2,1.0,2,1,0,4.0,3.0,3.0,3
1220,38,No,Travel_Frequently,Sales,18,4,Life Sciences,Male,2,Healthcare Representative,Single,41620,0.0,15,1,10.0,1,9,1,4.0,3.0,3.0,3
1221,36,No,Travel_Rarely,Research & Development,7,3,Life Sciences,Male,1,Sales Executive,Married,92040,6.0,23,1,17.0,2,7,7,3.0,3.0,2.0,3
1222,35,No,Travel_Rarely,Human Resources,3,4,Human Resources,Male,2,Manager,Married,32940,0.0,11,0,6.0,2,5,0,1.0,2.0,3.0,3
1223,29,No,Travel_Rarely,Sales,29,4,Life Sciences,Male,2,Laboratory Technician,Single,21270,0.0,11,1,10.0,3,9,0,4.0,3.0,3.0,2
1224,31,No,Travel_Rarely,Research & Development,2,2,Medical,Male,2,Laboratory Technician,Divorced,39750,1.0,15,1,5.0,3,5,4,2.0,3.0,2.0,3
1225,34,No,Travel_Rarely,Research & Development,28,3,Technical Degree,Male,1,Laboratory Technician,Divorced,107930,0.0,11,3,3.0,1,2,1,2.0,4.0,3.0,2
1226,28,Yes,Travel_Rarely,Research & Development,1,4,Life Sciences,Male,5,Research Director,Single,100960,5.0,13,0,6.0,2,4,0,3.0,3.0,3.0,3
1227,29,No,Travel_Rarely,Research & Development,16,2,Life Sciences,Female,4,Laboratory Technician,Divorced,36460,1.0,14,0,10.0,3,10,8,2.0,1.0,3.0,4
1228,32,No,Travel_Rarely,Human Resources,22,3,Human Resources,Female,2,Research Director,Divorced,74460,0.0,19,0,7.0,3,6,0,1.0,2.0,2.0,3
1229,22,No,Non-Travel,Research & Development,8,3,Life Sciences,Female,3,Sales Executive,Divorced,108510,1.0,16,1,1.0,2,1,0,4.0,4.0,2.0,4
1230,53,No,Travel_Rarely,Research & Development,11,3,Medical,Male,2,Manager,Married,21090,2.0,13,0,31.0,3,25,3,1.0,4.0,3.0,3
1231,38,No,Travel_Rarely,Research & Development,29,3,Life Sciences,Female,1,Manufacturing Director,Single,37220,5.0,14,0,6.0,0,3,1,4.0,4.0,3.0,3
1232,24,No,Non-Travel,Research & Development,1,5,Life Sciences,Male,3,Research Scientist,Divorced,93800,0.0,16,0,5.0,2,4,1,1.0,3.0,2.0,2
1233,36,Yes,Travel_Rarely,Research & Development,1,3,Life Sciences,Male,1,Research Director,Single,54860,7.0,12,1,10.0,2,5,0,3.0,1.0,3.0,3
1234,34,No,Travel_Rarely,Sales,24,3,Marketing,Male,4,Research Scientist,Single,27420,0.0,11,1,13.0,2,12,2,1.0,2.0,3.0,3
1235,21,No,Travel_Rarely,Sales,2,3,Life Sciences,Male,2,Manufacturing Director,Single,137570,1.0,12,1,0.0,3,0,0,3.0,4.0,3.0,3
1236,34,Yes,Travel_Rarely,Sales,15,2,Marketing,Female,2,Research Scientist,Single,84630,2.0,13,0,8.0,2,4,1,2.0,1.0,3.0,1
1237,53,No,Travel_Rarely,Sales,2,1,Life Sciences,Male,5,Human Resources,Divorced,31620,4.0,15,0,26.0,4,14,4,3.0,3.0,2.0,3
1238,32,Yes,Travel_Frequently,Research & Development,10,3,Medical,Female,2,Manufacturing Director,Single,165980,1.0,13,0,10.0,2,10,6,2.0,1.0,3.0,3
1239,42,No,Travel_Rarely,Research & Development,10,3,Technical Degree,Male,2,Laboratory Technician,Married,66510,0.0,20,0,10.0,5,9,4,3.0,2.0,3.0,2
1240,44,No,Travel_Rarely,Research & Development,3,1,Life Sciences,Female,1,Manufacturing Director,Married,23450,3.0,15,2,24.0,0,22,5,1.0,4.0,3.0,3
1241,46,No,Travel_Rarely,Sales,2,3,Life Sciences,Female,1,Research Scientist,Single,34200,3.0,13,2,22.0,3,2,2,2.0,1.0,2.0,1
1242,33,No,Travel_Rarely,Sales,3,3,Medical,Male,1,Manufacturing Director,Single,43730,4.0,14,0,7.0,3,1,0,3.0,4.0,3.0,3
1243,44,No,Travel_Rarely,Human Resources,26,3,Life Sciences,Male,5,Healthcare Representative,Married,47590,2.0,21,0,9.0,2,4,1,4.0,4.0,4.0,3
1244,30,No,Travel_Rarely,Research & Development,1,4,Technical Degree,Female,1,Research Scientist,Single,53010,1.0,16,1,10.0,3,10,1,4.0,3.0,3.0,3
1245,39,Yes,Travel_Rarely,Human Resources,1,4,Medical,Male,1,Sales Executive,Married,36730,3.0,14,1,19.0,3,1,0,4.0,4.0,4.0,3
1246,24,Yes,Travel_Rarely,Human Resources,2,5,Human Resources,Male,3,Sales Executive,Married,47680,2.0,11,1,6.0,2,2,2,2.0,4.0,2.0,2
1247,43,No,Travel_Rarely,Sales,9,5,Technical Degree,Female,1,Research Director,Divorced,12740,1.0,19,0,6.0,3,5,1,4.0,3.0,2.0,2
1248,50,Yes,Travel_Rarely,Research & Development,12,4,Medical,Male,1,Research Director,Married,49000,1.0,11,0,3.0,3,3,0,1.0,3.0,3.0,2
1249,35,No,Travel_Rarely,Sales,2,4,Marketing,Male,3,Manufacturing Director,Married,104660,1.0,13,0,2.0,1,2,2,4.0,4.0,3.0,3
1250,36,No,Travel_Rarely,Research & Development,25,1,Life Sciences,Female,4,Sales Executive,Married,170070,9.0,12,1,6.0,2,1,0,2.0,1.0,4.0,2
1251,33,No,Travel_Frequently,Sales,9,2,Marketing,Male,4,Human Resources,Married,29090,2.0,11,0,10.0,2,5,1,3.0,1.0,3.0,2
1252,35,No,Travel_Rarely,Research & Development,10,1,Medical,Male,1,Research Scientist,Divorced,57650,1.0,14,1,1.0,2,1,0,3.0,4.0,3.0,3
1253,27,No,Travel_Rarely,Sales,8,2,Marketing,Female,3,Research Scientist,Divorced,45990,1.0,15,1,1.0,3,1,0,4.0,1.0,3.0,2
1254,26,Yes,Travel_Rarely,Sales,4,3,Marketing,Male,2,Manager,Single,24040,1.0,12,0,1.0,6,1,0,1.0,3.0,2.0,3
1255,27,No,Travel_Frequently,Sales,24,3,Life Sciences,Male,4,Healthcare Representative,Single,31720,1.0,20,1,9.0,1,9,1,4.0,3.0,3.0,3
1256,30,No,Travel_Frequently,Research & Development,1,4,Medical,Male,1,Research Scientist,Single,20330,1.0,14,1,12.0,3,12,3,3.0,4.0,3.0,1
1257,41,Yes,Travel_Rarely,Sales,20,4,Marketing,Male,2,Sales Executive,Married,102090,1.0,13,1,23.0,2,22,15,2.0,3.0,3.0,3
1258,34,No,Non-Travel,Research & Development,7,2,Technical Degree,Female,1,Research Scientist,Single,86200,0.0,13,1,10.0,2,9,8,2.0,3.0,3.0,2
1259,37,No,Travel_Rarely,Research & Development,17,3,Life Sciences,Female,3,Sales Executive,Married,20640,4.0,16,0,8.0,3,1,0,2.0,2.0,3.0,2
1260,46,No,Travel_Frequently,Research & Development,20,3,Technical Degree,Male,3,Sales Executive,Single,40350,4.0,14,1,14.0,2,9,0,1.0,4.0,3.2,3
1261,35,No,Travel_Rarely,Research & Development,8,4,Medical,Female,3,Research Scientist,Married,38380,1.0,16,1,1.0,2,1,0,4.0,4.0,3.0,3
1262,48,Yes,Travel_Rarely,Research & Development,2,4,Technical Degree,Female,1,Sales Executive,Single,45910,9.0,16,0,23.0,6,1,0,1.0,3.0,3.0,1
1263,28,Yes,Travel_Rarely,Research & Development,10,1,Medical,Male,1,Sales Executive,Single,25610,1.0,22,1,2.0,3,2,2,3.0,3.0,2.0,3
1264,44,No,Travel_Rarely,Research & Development,1,1,Medical,Female,3,Research Scientist,Divorced,15630,5.0,12,2,9.0,3,4,1,2.0,1.0,2.0,3
1265,35,No,Non-Travel,Research & Development,5,4,Technical Degree,Female,3,Manufacturing Director,Married,48980,2.0,15,2,10.0,2,4,2,3.0,1.0,3.0,3
1266,26,No,Travel_Rarely,Research & Development,4,4,Life Sciences,Female,3,Sales Executive,Married,47890,7.0,20,1,5.0,2,2,0,3.0,4.0,2.0,3
1267,33,No,Travel_Frequently,Sales,29,4,Life Sciences,Female,1,Human Resources,Single,31800,1.0,14,1,15.0,2,15,8,1.0,4.0,3.0,3
1268,35,No,Travel_Frequently,Research & Development,15,3,Medical,Male,3,Manufacturing Director,Married,65490,1.0,20,0,9.0,3,9,1,2.0,1.0,2.0,3
1269,35,No,Travel_Rarely,Human Resources,3,2,Life Sciences,Female,1,Laboratory Technician,Married,63880,3.0,13,0,4.0,6,2,2,3.0,1.0,3.0,2
1270,31,No,Travel_Rarely,Sales,10,2,Life Sciences,Female,2,Research Scientist,Divorced,112440,3.0,12,1,10.0,3,7,1,4.0,4.0,2.0,3
1271,37,No,Travel_Rarely,Sales,4,3,Marketing,Male,4,Human Resources,Divorced,160320,1.0,13,0,7.0,2,7,0,1.0,3.0,4.0,3
1272,32,No,Travel_Rarely,Research & Development,21,3,Other,Male,2,Sales Executive,Married,23620,1.0,11,0,9.0,2,9,7,1.0,4.0,3.0,3
1273,38,No,Travel_Frequently,Research & Development,25,3,Medical,Male,2,Manufacturing Director,Single,163280,1.0,17,3,10.0,2,10,9,4.0,4.0,3.0,3
1274,50,No,Travel_Rarely,Sales,2,4,Marketing,Female,4,Research Scientist,Divorced,83760,5.0,14,3,29.0,2,27,13,2.0,3.0,2.0,3
1275,59,No,Travel_Rarely,Research & Development,1,3,Technical Degree,Male,1,Laboratory Technician,Single,166060,7.0,11,0,28.0,6,21,7,1.0,1.0,2.0,3
1276,36,No,Travel_Rarely,Sales,1,2,Marketing,Female,2,Sales Executive,Divorced,86060,1.0,14,2,17.0,3,17,12,3.0,3.0,3.0,3
1277,55,No,Travel_Rarely,Research & Development,7,3,Medical,Male,3,Research Scientist,Divorced,22720,2.0,17,1,21.0,2,5,0,4.0,3.0,3.0,3
1278,36,No,Travel_Frequently,Research & Development,3,3,Life Sciences,Female,2,Laboratory Technician,Single,20180,1.0,13,0,6.0,5,6,0,2.0,2.0,3.0,3
1279,45,No,Travel_Rarely,Research & Development,1,2,Medical,Female,1,Sales Executive,Divorced,70830,2.0,12,1,25.0,5,1,0,2.0,1.0,3.0,3
1280,35,No,Travel_Frequently,Human Resources,9,3,Other,Female,2,Sales Representative,Married,40840,4.0,13,1,5.0,3,3,1,2.0,1.0,2.0,3
1281,36,Yes,Travel_Rarely,Sales,7,2,Life Sciences,Male,4,Laboratory Technician,Married,144110,0.0,18,3,2.0,2,1,0,4.0,3.0,2.0,4
1282,59,No,Travel_Frequently,Research & Development,10,4,Life Sciences,Male,3,Research Scientist,Single,23080,7.0,19,1,20.0,4,4,1,1.0,3.0,2.0,2
1283,29,No,Travel_Rarely,Research & Development,28,4,Life Sciences,Female,1,Sales Representative,Married,48410,0.0,11,0,6.0,3,5,0,3.0,2.0,3.0,3
1284,31,No,Travel_Rarely,Research & Development,3,2,Medical,Female,3,Sales Executive,Single,42850,1.0,21,1,1.0,2,1,1,3.0,2.0,3.0,1
1285,32,No,Travel_Rarely,Sales,3,4,Life Sciences,Male,2,Manufacturing Director,Married,97150,1.0,15,1,10.0,1,10,0,2.0,2.0,3.0,2
1286,36,No,Travel_Rarely,Research & Development,2,3,Life Sciences,Male,2,Sales Representative,Married,43200,3.0,17,0,5.0,2,1,0,2.0,4.0,3.0,3
1287,31,No,Travel_Rarely,Research & Development,27,3,Medical,Female,2,Research Director,Single,21320,1.0,18,0,11.0,3,11,1,3.0,4.0,3.0,3
1288,35,No,Travel_Rarely,Research & Development,2,4,Medical,Male,2,Healthcare Representative,Single,101240,0.0,14,1,16.0,2,15,2,3.0,1.0,3.0,4
1289,45,No,Travel_Rarely,Human Resources,14,3,Human Resources,Female,1,Sales Executive,Married,54730,4.0,13,0,17.0,3,0,0,4.0,1.0,4.0,1
1290,37,No,Travel_Rarely,Research & Development,1,3,Life Sciences,Female,3,Sales Executive,Single,52070,4.0,17,3,16.0,3,5,0,1.0,3.0,4.0,3
1291,46,No,Travel_Rarely,Research & Development,9,3,Medical,Male,3,Manager,Divorced,164370,8.0,15,1,16.0,0,4,0,2.0,2.0,3.0,3
1292,30,No,Travel_Rarely,Sales,18,3,Life Sciences,Male,4,Human Resources,Married,22960,1.0,18,1,10.0,2,10,3,4.0,4.0,2.0,3
1293,35,No,Travel_Rarely,Research & Development,20,4,Life Sciences,Female,3,Human Resources,Single,40690,1.0,13,0,6.0,5,6,0,2.0,3.0,3.0,3
1294,55,No,Travel_Rarely,Research & Development,2,3,Life Sciences,Female,2,Laboratory Technician,Married,74410,3.0,12,1,24.0,4,1,1,1.0,4.0,3.0,3
1295,38,No,Non-Travel,Sales,11,1,Marketing,Male,2,Laboratory Technician,Divorced,24300,7.0,13,2,17.0,2,13,1,2.0,4.0,3.0,4
1296,34,No,Travel_Rarely,Research & Development,8,2,Medical,Male,1,Research Scientist,Married,58780,1.0,14,0,5.0,1,5,1,1.0,2.0,3.0,3
1297,56,No,Travel_Rarely,Human Resources,2,1,Medical,Male,2,Sales Executive,Single,26440,4.0,11,1,37.0,2,6,0,4.0,4.0,2.0,3
1298,23,No,Travel_Rarely,Research & Development,10,3,Medical,Male,2,Laboratory Technician,Divorced,64390,3.0,22,3,3.0,2,0,0,3.0,1.0,3.0,3
1299,51,No,Travel_Rarely,Research & Development,29,4,Life Sciences,Female,5,Manufacturing Director,Married,24510,3.0,17,0,10.0,2,4,0,4.0,4.0,3.0,2
1300,30,No,Travel_Rarely,Sales,8,2,Technical Degree,Male,1,Sales Representative,Married,63920,1.0,21,1,11.0,2,11,10,3.0,4.0,3.0,4
1301,46,Yes,Travel_Rarely,Sales,1,2,Medical,Female,2,Research Scientist,Single,97140,1.0,22,0,9.0,0,9,4,3.0,4.0,3.0,3
1302,40,No,Travel_Frequently,Research & Development,6,3,Medical,Male,1,Healthcare Representative,Married,60770,1.0,16,2,22.0,2,22,11,3.0,2.0,2.0,2
1303,51,No,Travel_Rarely,Research & Development,8,4,Life Sciences,Female,5,Sales Representative,Single,24500,0.0,12,1,11.0,2,10,1,3.0,4.0,1.0,3
1304,30,No,Travel_Rarely,Research & Development,9,3,Life Sciences,Male,1,Manufacturing Director,Divorced,92500,1.0,12,3,11.0,0,11,2,3.0,2.0,2.0,3
1305,46,No,Travel_Frequently,Research & Development,12,1,Medical,Male,1,Laboratory Technician,Married,20740,2.0,15,1,21.0,3,10,9,3.0,1.0,2.0,3
1306,32,No,Travel_Rarely,Sales,15,3,Marketing,Male,1,Research Scientist,Single,101690,1.0,14,0,12.0,6,11,5,2.0,3.0,3.0,2
1307,54,No,Travel_Rarely,Research & Development,25,1,Medical,Female,1,Laboratory Technician,Married,48550,9.0,25,1,16.0,2,4,0,1.0,3.0,1.0,2
1308,24,No,Travel_Rarely,Sales,6,2,Marketing,Male,2,Research Scientist,Married,40870,0.0,20,3,4.0,1,3,0,1.0,3.0,2.0,3
1309,28,No,Non-Travel,Sales,9,4,Medical,Male,2,Laboratory Technician,Married,23670,1.0,13,0,5.0,2,5,0,2.0,3.0,4.0,2
1310,58,No,Travel_Rarely,Research & Development,8,4,Life Sciences,Male,2,Sales Executive,Single,29720,0.0,14,0,38.0,2,37,1,4.0,3.0,2.0,4
1311,44,No,Non-Travel,Research & Development,23,2,Medical,Female,1,Research Scientist,Married,195860,4.0,16,0,17.0,3,3,1,2.0,2.0,4.0,2
1312,37,Yes,Travel_Rarely,Human Resources,9,3,Human Resources,Male,2,Healthcare Representative,Divorced,54840,1.0,17,0,7.0,4,3,0,3.0,1.0,3.0,3
1313,32,No,Travel_Rarely,Human Resources,12,2,Human Resources,Female,1,Sales Representative,Single,20610,1.0,15,1,1.0,2,1,0,4.0,1.0,3.0,2
1314,20,Yes,Travel_Frequently,Sales,4,4,Life Sciences,Female,2,Healthcare Representative,Single,99240,1.0,22,0,1.0,3,1,1,4.0,4.0,3.0,3
1315,34,No,Travel_Rarely,Research & Development,1,4,Other,Male,4,Laboratory Technician,Single,41980,1.0,22,1,16.0,2,16,2,1.0,3.0,3.0,2
1316,37,No,Non-Travel,Sales,24,2,Life Sciences,Male,1,Research Scientist,Divorced,68150,5.0,20,1,17.0,3,1,0,3.0,4.0,4.0,3
1317,59,No,Non-Travel,Research & Development,12,2,Life Sciences,Male,2,Sales Executive,Married,47230,9.0,14,0,30.0,0,3,2,3.0,4.0,3.0,3
1318,50,No,Travel_Frequently,Research & Development,3,4,Medical,Male,4,Research Scientist,Married,61420,3.0,13,2,28.0,3,8,0,1.0,2.0,2.0,2
1319,25,Yes,Travel_Rarely,Sales,10,1,Marketing,Male,2,Research Director,Single,82370,1.0,13,0,6.0,6,6,0,3.0,3.0,3.0,2
1320,25,No,Travel_Rarely,Research & Development,26,3,Technical Degree,Male,1,Laboratory Technician,Married,88530,1.0,22,1,2.0,3,2,2,4.0,4.0,3.0,3
1321,22,No,Travel_Rarely,Research & Development,2,1,Life Sciences,Male,1,Sales Representative,Single,193310,1.0,12,1,1.0,2,0,0,2.0,4.0,3.0,3
1322,51,No,Travel_Frequently,Research & Development,1,3,Life Sciences,Female,1,Sales Executive,Single,20730,3.0,14,1,23.0,4,13,12,1.0,1.0,2.0,3
1323,34,Yes,Travel_Frequently,Human Resources,4,4,Life Sciences,Female,5,Sales Executive,Single,55620,1.0,15,0,9.0,3,9,0,1.0,3.0,3.0,3
1324,54,No,Non-Travel,Research & Development,9,3,Life Sciences,Male,1,Laboratory Technician,Single,196130,2.0,17,0,23.0,5,5,4,4.0,4.0,3.0,3
1325,24,No,Travel_Rarely,Research & Development,2,1,Life Sciences,Male,2,Laboratory Technician,Married,34070,0.0,13,1,6.0,4,5,1,2.0,3.0,3.0,3
1326,34,No,Travel_Rarely,Sales,4,3,Marketing,Female,2,Sales Representative,Divorced,50630,6.0,12,1,12.0,2,1,0,3.0,2.0,3.0,3
1327,37,No,Travel_Rarely,Sales,6,1,Technical Degree,Male,1,Laboratory Technician,Single,46390,2.0,12,2,12.0,3,5,1,3.0,4.0,3.0,3
1328,34,No,Travel_Rarely,Sales,9,2,Medical,Male,2,Healthcare Representative,Single,48760,2.0,21,1,14.0,3,11,5,3.0,1.0,3.0,3
1329,36,No,Travel_Frequently,Human Resources,7,3,Medical,Male,1,Research Scientist,Married,26900,0.0,11,0,10.0,1,9,2,2.0,4.0,3.0,3
1330,36,No,Travel_Rarely,Research & Development,1,3,Medical,Female,2,Manufacturing Director,Divorced,175670,5.0,13,0,7.0,6,1,0,1.0,4.0,3.0,3
1331,43,No,Travel_Frequently,Research & Development,3,4,Life Sciences,Male,1,Sales Executive,Married,24080,1.0,12,1,25.0,3,25,4,3.0,4.0,4.0,3
1332,30,No,Travel_Frequently,Research & Development,10,3,Life Sciences,Female,3,Healthcare Representative,Divorced,28140,1.0,24,0,10.0,2,10,0,1.0,3.0,2.0,3
1333,33,No,Non-Travel,Sales,7,3,Life Sciences,Male,2,Sales Executive,Married,112450,0.0,21,0,8.0,3,7,0,3.0,2.0,4.0,3
1334,56,Yes,Travel_Rarely,Research & Development,15,3,Life Sciences,Male,2,Laboratory Technician,Married,33120,9.0,19,0,7.0,1,5,4,2.0,2.0,3.0,1
1335,51,No,Travel_Rarely,Research & Development,3,2,Other,Female,2,Sales Representative,Single,190490,7.0,14,1,23.0,2,20,15,1.0,3.0,3.0,3
1336,31,Yes,Travel_Rarely,Research & Development,2,4,Technical Degree,Female,3,Sales Executive,Married,21410,4.0,20,0,12.0,2,7,7,2.0,3.0,2.0,3
1337,26,No,Travel_Rarely,Sales,17,3,Medical,Female,2,Manager,Married,57690,1.0,19,0,5.0,4,5,4,3.0,2.0,2.0,2
1338,58,Yes,Travel_Rarely,Sales,2,2,Medical,Female,1,Research Scientist,Married,43850,1.0,13,1,40.0,2,40,15,4.0,4.0,2.0,2
1339,19,Yes,Travel_Rarely,Research & Development,5,2,Life Sciences,Male,1,Manager,Single,53320,1.0,23,1,0.0,2,0,0,4.0,3.0,2.0,3
1340,22,No,Travel_Rarely,Sales,29,4,Technical Degree,Male,1,Sales Executive,Married,46630,0.0,13,1,3.0,1,2,2,3.0,4.0,3.0,3
1341,49,No,Travel_Rarely,Research & Development,2,3,Life Sciences,Female,1,Sales Executive,Married,47240,1.0,11,1,16.0,3,15,5,3.0,1.0,2.0,2
1342,43,No,Travel_Frequently,Sales,2,2,Life Sciences,Male,1,Sales Executive,Single,32110,4.0,13,0,18.0,2,3,1,2.0,3.0,3.0,4
1343,50,No,Travel_Frequently,Research & Development,19,4,Life Sciences,Male,2,Sales Executive,Single,53770,4.0,14,1,16.0,3,2,2,3.0,4.0,3.0,4
1344,31,Yes,Travel_Rarely,Research & Development,15,1,Medical,Female,2,Sales Executive,Married,40660,3.0,22,0,4.0,2,2,2,2.0,3.0,3.0,2
1345,41,No,Travel_Rarely,Research & Development,17,2,Other,Male,1,Manufacturing Director,Divorced,52080,3.0,11,3,12.0,2,9,0,3.0,3.0,3.0,1
1346,26,No,Travel_Rarely,Research & Development,17,4,Life Sciences,Male,2,Sales Executive,Married,48770,1.0,13,1,8.0,5,8,5,3.0,3.0,3.0,4
1347,36,No,Travel_Rarely,Human Resources,25,1,Human Resources,Male,2,Research Scientist,Divorced,31170,6.0,21,1,7.0,2,3,0,2.0,2.0,3.0,4
1348,51,Yes,Travel_Frequently,Research & Development,6,3,Life Sciences,Female,1,Manager,Single,15690,2.0,11,0,18.0,2,4,0,1.0,4.0,3.0,4
1349,39,No,Travel_Rarely,Research & Development,7,3,Life Sciences,Female,1,Research Scientist,Married,196580,4.0,13,1,17.0,3,15,5,4.0,3.0,4.0,4
1350,25,No,Travel_Rarely,Sales,29,1,Medical,Female,3,Research Scientist,Married,30690,2.0,14,1,6.0,3,2,2,1.0,3.0,3.0,2
1351,30,No,Travel_Rarely,Research & Development,21,1,Medical,Male,2,Laboratory Technician,Married,104350,0.0,11,0,12.0,5,11,4,3.0,4.0,1.0,3
1352,32,Yes,Travel_Rarely,Research & Development,2,4,Life Sciences,Female,2,Research Director,Single,41480,7.0,15,0,10.0,0,5,0,1.0,1.0,4.0,2
1353,45,No,Travel_Rarely,Research & Development,2,1,Technical Degree,Female,2,Healthcare Representative,Single,57680,5.0,23,1,9.0,4,6,0,3.0,4.0,2.0,3
1354,38,No,Travel_Rarely,Research & Development,7,4,Life Sciences,Female,2,Research Director,Single,50420,3.0,16,1,19.0,4,3,2,4.0,3.0,3.0,3
1355,30,No,Travel_Rarely,Sales,13,3,Marketing,Female,2,Laboratory Technician,Single,57700,1.0,16,1,5.0,2,5,0,1.0,3.0,2.0,4
1356,32,No,Travel_Frequently,Sales,2,3,Marketing,Male,3,Laboratory Technician,Divorced,77560,0.0,21,0,9.0,3,8,0,4.0,4.0,4.0,3
1357,30,No,Travel_Rarely,Research & Development,1,3,Medical,Female,3,Sales Executive,Divorced,103060,5.0,13,0,8.0,5,3,2,4.0,1.0,3.0,3
1358,30,No,Travel_Rarely,Sales,9,3,Medical,Male,2,Research Scientist,Single,39360,0.0,11,1,6.0,3,5,1,2.0,4.0,3.0,3
1359,41,No,Travel_Frequently,Sales,10,2,Medical,Female,3,Manufacturing Director,Divorced,79450,4.0,12,1,21.0,6,7,7,4.0,1.0,2.0,2
1360,41,No,Travel_Rarely,Research & Development,10,4,Medical,Male,4,Research Scientist,Married,57430,2.0,12,3,7.0,2,5,1,3.0,1.0,3.0,4
1361,19,No,Travel_Rarely,Research & Development,1,3,Other,Female,5,Manufacturing Director,Single,152020,1.0,18,3,1.0,2,1,0,2.0,2.0,3.0,2
1362,40,No,Travel_Frequently,Research & Development,26,4,Medical,Male,2,Manufacturing Director,Divorced,54400,1.0,12,1,20.0,2,20,2,2.0,2.0,3.0,3
1363,35,No,Travel_Rarely,Sales,8,1,Marketing,Female,3,Laboratory Technician,Married,37600,1.0,14,3,10.0,2,10,0,3.0,2.0,3.0,3
1364,53,No,Travel_Rarely,Sales,14,2,Life Sciences,Female,5,Manufacturing Director,Married,35170,2.0,12,1,13.0,1,7,4,2.0,3.0,1.0,2
1365,45,No,Travel_Rarely,Sales,1,4,Technical Degree,Male,1,Research Scientist,Divorced,25800,8.0,17,3,20.0,3,17,0,2.0,2.0,1.0,3
1366,32,No,Travel_Frequently,Sales,2,2,Life Sciences,Female,1,Manufacturing Director,Single,21660,1.0,19,1,9.0,4,9,3,2.0,4.0,3.0,1
1367,29,No,Non-Travel,Research & Development,10,4,Technical Degree,Male,3,Healthcare Representative,Married,58690,1.0,11,1,10.0,6,10,0,4.0,3.0,3.0,4
1368,51,No,Travel_Rarely,Research & Development,1,3,Other,Female,3,Research Director,Married,80080,2.0,15,1,10.0,4,1,0,2.0,3.0,3.0,3
1369,58,No,Travel_Rarely,Sales,3,3,Marketing,Female,1,Research Scientist,Married,52060,4.0,11,3,9.0,4,1,0,2.0,2.0,2.0,1
1370,40,No,Travel_Rarely,Research & Development,11,2,Technical Degree,Male,4,Laboratory Technician,Married,52950,7.0,18,0,15.0,4,12,2,3.0,4.0,2.0,3
1371,34,No,Travel_Frequently,Sales,24,4,Marketing,Male,2,Manufacturing Director,Married,164130,6.0,16,0,6.0,1,4,1,3.0,3.0,3.0,3
1372,22,No,Travel_Rarely,Research & Development,3,3,Medical,Male,1,Laboratory Technician,Married,132690,1.0,25,1,2.0,2,2,2,3.0,4.0,3.0,3
1373,27,No,Non-Travel,Research & Development,3,3,Medical,Male,1,Healthcare Representative,Divorced,27830,6.0,16,1,6.0,2,2,2,4.0,2.0,1.0,4
1374,28,No,Travel_Rarely,Sales,4,4,Life Sciences,Male,2,Healthcare Representative,Married,54330,1.0,13,1,5.0,4,5,0,3.0,4.0,1.0,2
1375,57,No,Travel_Rarely,Research & Development,3,3,Life Sciences,Male,2,Manufacturing Director,Divorced,20130,3.0,14,1,12.0,5,5,1,3.0,4.0,1.0,3
1376,27,No,Non-Travel,Research & Development,2,3,Life Sciences,Male,1,Manufacturing Director,Divorced,139660,1.0,19,0,1.0,1,1,0,3.0,3.0,2.0,3
1377,50,No,Travel_Rarely,Research & Development,4,3,Life Sciences,Female,2,Manufacturing Director,Single,43740,3.0,15,1,21.0,5,5,4,3.0,2.0,3.0,4
1378,41,No,Travel_Rarely,Sales,7,4,Marketing,Male,4,Laboratory Technician,Divorced,68420,4.0,12,1,13.0,3,9,1,1.0,3.0,3.0,3
1379,30,No,Travel_Rarely,Human Resources,1,4,Human Resources,Female,1,Manager,Married,174260,2.0,12,1,12.0,0,10,7,2.0,4.0,3.0,2
1380,38,No,Travel_Rarely,Sales,1,1,Medical,Male,2,Laboratory Technician,Single,176030,4.0,16,0,12.0,0,8,0,1.0,4.0,4.0,2
1381,32,No,Travel_Rarely,Research & Development,20,3,Medical,Female,1,Manufacturing Director,Single,45810,3.0,14,1,8.0,3,5,1,3.0,3.0,3.0,3
1382,27,No,Travel_Rarely,Research & Development,5,4,Medical,Male,2,Healthcare Representative,Married,47350,0.0,13,0,6.0,2,5,1,3.0,2.0,2.0,3
1383,19,Yes,Travel_Frequently,Research & Development,10,2,Life Sciences,Male,2,Healthcare Representative,Single,41870,0.0,22,1,1.0,4,0,0,3.0,1.0,4.0,3
1384,36,No,Travel_Frequently,Sales,25,3,Marketing,Female,2,Research Director,Single,55050,4.0,21,2,13.0,3,8,7,4.0,2.0,2.0,3
1385,30,No,Non-Travel,Sales,1,3,Medical,Female,1,Sales Executive,Divorced,54700,1.0,18,1,12.0,2,12,6,3.0,1.0,3.0,3
1386,45,No,Travel_Rarely,Research & Development,24,2,Medical,Male,2,Sales Executive,Divorced,54760,4.0,13,1,9.0,3,5,0,3.0,1.0,4.0,3
1387,56,No,Travel_Rarely,Research & Development,4,3,Life Sciences,Male,4,Manager,Divorced,25870,4.0,12,0,19.0,2,2,2,3.0,1.0,3.0,2
1388,33,No,Travel_Rarely,Research & Development,2,2,Medical,Male,1,Sales Executive,Single,24400,0.0,18,3,4.0,4,3,0,3.0,4.0,4.0,3
1389,19,Yes,Travel_Rarely,Research & Development,8,2,Life Sciences,Male,2,Sales Executive,Single,159720,1.0,21,0,1.0,2,1,1,2.0,4.0,2.0,3
1390,46,No,Travel_Rarely,Research & Development,10,3,Technical Degree,Female,2,Laboratory Technician,Divorced,153790,1.0,12,0,24.0,1,24,15,2.0,1.0,3.0,1
1391,38,No,Travel_Rarely,Sales,4,4,Life Sciences,Male,1,Manufacturing Director,Single,70820,1.0,14,0,2.0,3,2,2,3.0,4.0,3.0,4
1392,31,No,Travel_Rarely,Sales,2,5,Life Sciences,Male,2,Sales Representative,Married,27280,8.0,11,0,7.0,3,4,0,3.0,4.0,3.0,4
1393,34,No,Travel_Rarely,Sales,9,3,Marketing,Female,2,Manager,Single,53680,2.0,14,1,9.0,2,3,1,4.0,2.0,3.0,3
1394,41,Yes,Travel_Rarely,Research & Development,18,4,Life Sciences,Male,5,Laboratory Technician,Single,53470,1.0,24,1,4.0,1,4,0,2.0,2.0,2.0,3
1395,50,No,Travel_Rarely,Sales,19,4,Marketing,Male,3,Sales Executive,Married,31950,2.0,11,0,5.0,4,3,0,3.0,3.0,2.0,2
1396,53,No,Travel_Rarely,Sales,1,2,Life Sciences,Male,1,Manager,Divorced,39890,1.0,13,0,5.0,2,4,1,4.0,1.0,3.0,3
1397,33,No,Travel_Rarely,Research & Development,4,3,Life Sciences,Male,1,Human Resources,Married,33060,1.0,11,3,8.0,6,8,1,4.0,2.0,3.0,1
1398,40,No,Travel_Rarely,Research & Development,11,3,Life Sciences,Female,2,Sales Executive,Married,70050,1.0,20,2,21.0,2,20,9,4.0,3.0,3.0,3
1399,55,No,Travel_Rarely,Research & Development,6,1,Life Sciences,Female,2,Laboratory Technician,Single,26550,8.0,17,0,36.0,0,24,2,3.0,2.0,3.0,2
1400,34,No,Travel_Frequently,Human Resources,7,4,Other,Female,1,Research Scientist,Married,13930,1.0,11,2,10.0,4,10,1,4.0,3.0,2.0,4
1401,51,No,Travel_Rarely,Human Resources,4,2,Human Resources,Male,2,Sales Representative,Single,25700,3.0,18,0,21.0,2,7,1,4.0,2.0,3.0,3
1402,52,No,Travel_Rarely,Research & Development,2,4,Medical,Female,2,Sales Representative,Married,35370,0.0,11,1,34.0,3,33,11,3.0,3.0,3.0,3
1403,27,No,Travel_Rarely,Sales,15,3,Marketing,Male,1,Research Scientist,Single,39860,1.0,12,2,7.0,3,7,0,4.0,2.0,2.0,3
1404,35,Yes,Travel_Rarely,Research & Development,2,4,Life Sciences,Female,2,Research Director,Married,108830,3.0,12,0,8.0,3,1,0,2.0,3.0,3.0,4
1405,43,No,Non-Travel,Research & Development,6,2,Medical,Male,1,Healthcare Representative,Divorced,20280,4.0,20,1,7.0,2,5,2,4.0,4.0,4.0,2
1406,45,No,Non-Travel,Research & Development,9,2,Medical,Female,1,Sales Executive,Married,95250,9.0,19,0,22.0,3,20,11,1.0,4.0,3.0,3
1407,37,No,Travel_Rarely,Research & Development,7,3,Life Sciences,Female,1,Research Scientist,Married,29290,1.0,12,0,8.0,2,8,1,2.0,1.0,2.2,1
1408,35,No,Travel_Frequently,Research & Development,1,3,Other,Male,2,Research Director,Single,22750,5.0,13,0,10.0,2,6,1,2.0,2.0,3.0,4
1409,42,No,Non-Travel,Research & Development,1,1,Technical Degree,Male,2,Sales Executive,Divorced,78790,2.0,11,1,11.0,2,5,0,3.0,3.0,3.0,3
1410,38,No,Travel_Rarely,Sales,8,2,Marketing,Male,5,Research Scientist,Married,49300,9.0,14,0,14.0,0,1,0,4.0,3.0,3.0,3
1411,38,No,Travel_Rarely,Human Resources,25,1,Human Resources,Female,1,Manufacturing Director,Married,78470,3.0,14,1,9.0,3,7,1,4.0,4.0,1.0,4
1412,27,No,Travel_Frequently,Research & Development,13,4,Medical,Male,1,Manager,Married,44010,5.0,13,0,6.0,4,2,2,3.0,1.0,3.0,2
1413,49,No,Non-Travel,Research & Development,23,1,Other,Female,2,Sales Executive,Divorced,92410,1.0,19,1,7.0,5,7,1,4.0,4.0,3.0,3
1414,34,No,Travel_Frequently,Research & Development,7,2,Medical,Male,4,Sales Representative,Divorced,29740,1.0,23,0,5.0,2,5,2,4.0,3.0,4.0,3
1415,40,No,Travel_Rarely,Research & Development,23,3,Medical,Female,1,Laboratory Technician,Married,45020,8.0,12,2,15.0,0,7,3,3.0,4.0,4.0,2
1416,38,Yes,Travel_Rarely,Sales,6,4,Life Sciences,Female,3,Research Scientist,Married,107480,7.0,15,0,17.0,3,1,0,2.0,1.0,3.0,3
1417,29,Yes,Travel_Rarely,Sales,10,2,Life Sciences,Female,2,Research Scientist,Married,15550,1.0,19,2,10.0,2,10,1,2.0,4.0,2.0,3
1418,22,No,Travel_Rarely,Research & Development,1,3,Life Sciences,Female,4,Healthcare Representative,Divorced,129360,1.0,11,2,4.0,3,4,2,4.0,2.0,2.0,3
1419,36,No,Travel_Frequently,Research & Development,1,3,Life Sciences,Female,2,Laboratory Technician,Single,23050,1.0,17,0,8.0,3,8,1,2.0,4.0,3.0,3
1420,40,No,Non-Travel,Research & Development,28,2,Life Sciences,Male,1,Manufacturing Director,Married,167040,9.0,22,0,5.0,2,3,0,4.0,4.0,1.0,4
1421,46,No,Travel_Rarely,Research & Development,25,1,Medical,Male,5,Research Scientist,Divorced,34330,7.0,18,0,17.0,3,4,0,4.0,1.0,3.0,3
1422,32,Yes,Travel_Rarely,Research & Development,5,3,Medical,Male,1,Healthcare Representative,Married,34770,1.0,11,0,14.0,2,14,9,4.0,4.0,2.0,4
1423,30,No,Non-Travel,Research & Development,17,4,Life Sciences,Male,2,Healthcare Representative,Single,64300,1.0,12,1,12.0,2,11,5,3.0,3.0,3.0,2
1424,27,No,Travel_Frequently,Research & Development,18,2,Medical,Female,1,Laboratory Technician,Single,65160,1.0,19,1,7.0,4,7,0,4.0,3.0,3.0,3
1425,51,No,Travel_Rarely,Research & Development,2,1,Medical,Female,1,Manufacturing Director,Married,39070,5.0,13,0,16.0,2,10,4,2.0,2.0,1.0,3
1426,30,Yes,Travel_Rarely,Research & Development,10,4,Life Sciences,Female,2,Research Scientist,Single,55620,5.0,13,0,8.0,3,5,0,4.0,1.0,3.0,2
1427,41,No,Travel_Rarely,Research & Development,1,3,Life Sciences,Male,2,Human Resources,Single,68830,3.0,19,2,16.0,3,1,0,4.0,4.0,3.0,2
1428,30,Yes,Travel_Frequently,Sales,3,2,Medical,Male,2,Healthcare Representative,Single,28620,5.0,14,0,9.0,2,6,0,3.0,1.0,2.0,2
1429,29,Yes,Travel_Rarely,Research & Development,2,3,Life Sciences,Male,1,Sales Executive,Single,49780,0.0,13,0,7.0,3,6,1,3.0,3.0,2.0,2
1430,45,No,Non-Travel,Research & Development,2,3,Medical,Female,2,Research Scientist,Single,103680,6.0,12,2,23.0,2,19,12,4.0,4.0,3.0,3
1431,54,No,Travel_Rarely,Sales,8,2,Marketing,Female,2,Laboratory Technician,Married,61340,2.0,19,0,16.0,2,6,0,4.0,1.0,3.0,2
1432,36,No,Travel_Rarely,Research & Development,16,4,Life Sciences,Male,1,Healthcare Representative,Single,67350,8.0,25,2,16.0,3,13,3,4.0,2.0,4.0,2
1433,33,No,Travel_Rarely,Sales,9,1,Other,Female,3,Sales Executive,Married,32950,6.0,22,2,7.0,2,3,1,3.0,2.0,3.0,3
1434,37,No,Travel_Frequently,Sales,2,4,Life Sciences,Male,2,Laboratory Technician,Divorced,52380,1.0,15,1,10.0,5,10,0,2.0,4.0,3.0,3
1435,38,No,Travel_Rarely,Research & Development,1,2,Medical,Male,4,Laboratory Technician,Divorced,64720,0.0,12,0,17.0,4,16,5,1.0,3.0,2.0,3
1436,31,No,Non-Travel,Sales,4,1,Medical,Female,3,Research Scientist,Married,96100,0.0,11,1,6.0,2,5,1,3.0,3.0,3.0,2
1437,59,No,Travel_Rarely,Research & Development,5,3,Life Sciences,Female,3,Manager,Married,198330,3.0,13,0,7.0,2,1,0,3.0,4.0,3.0,3
1438,37,No,Travel_Frequently,Sales,2,3,Marketing,Female,2,Laboratory Technician,Divorced,97560,4.0,19,0,13.0,2,9,5,1.0,4.0,3.0,3
1439,29,No,Travel_Frequently,Sales,15,4,Medical,Female,1,Sales Executive,Married,49680,1.0,19,3,11.0,4,11,4,2.0,4.0,3.0,3
1440,35,No,Travel_Frequently,Research & Development,19,3,Life Sciences,Female,1,Sales Executive,Single,21450,1.0,13,0,10.0,6,10,0,3.0,3.0,4.0,2
1441,29,Yes,Travel_Rarely,Research & Development,7,1,Life Sciences,Female,1,Research Scientist,Single,21800,1.0,21,0,4.0,2,4,0,3.0,4.0,2.0,3
1442,52,No,Travel_Rarely,Research & Development,1,2,Medical,Female,4,Manager,Single,83460,7.0,14,0,6.0,5,2,2,3.0,4.0,2.0,3
1443,42,No,Travel_Rarely,Research & Development,7,4,Life Sciences,Female,2,Sales Executive,Married,34450,1.0,11,2,22.0,2,22,11,3.0,4.0,3.0,3
1444,59,No,Travel_Rarely,Research & Development,4,4,Technical Degree,Male,1,Healthcare Representative,Married,27600,8.0,11,0,7.0,3,2,2,2.0,3.0,2.0,4
1445,50,No,Travel_Rarely,Research & Development,11,2,Life Sciences,Male,2,Sales Executive,Divorced,62940,3.0,23,1,32.0,2,7,0,4.0,4.0,2.0,4
1446,33,Yes,Travel_Rarely,Sales,11,4,Marketing,Male,1,Research Scientist,Married,71400,5.0,21,0,8.0,2,5,0,3.0,4.0,1.0,2
1447,43,No,Travel_Rarely,Sales,1,3,Marketing,Female,2,Manufacturing Director,Married,29320,5.0,24,0,22.0,3,17,1,4.0,4.0,3.0,3
1448,33,Yes,Travel_Rarely,Sales,1,3,Life Sciences,Male,2,Manager,Married,51470,7.0,11,0,13.0,2,9,1,1.0,1.0,4.0,3
1449,52,No,Non-Travel,Research & Development,2,3,Technical Degree,Male,1,Sales Executive,Single,45070,1.0,14,0,33.0,3,33,15,1.0,3.0,4.0,2
1450,32,No,Travel_Rarely,Human Resources,13,4,Life Sciences,Female,3,Manufacturing Director,Married,85640,2.0,16,1,6.0,2,4,1,3.0,2.0,3.0,2
1451,32,Yes,Travel_Rarely,Sales,23,1,Life Sciences,Male,3,Healthcare Representative,Single,24680,0.0,11,0,4.0,2,3,1,4.0,3.0,1.0,3
1452,39,No,Travel_Rarely,Sales,26,4,Life Sciences,Male,2,Research Director,Divorced,81610,7.0,12,1,7.0,2,3,1,3.0,3.0,3.0,4
1453,32,No,Non-Travel,Sales,2,4,Marketing,Male,4,Research Scientist,Married,21090,0.0,13,1,4.0,3,3,2,3.0,4.0,3.0,2
1454,41,No,Travel_Rarely,Sales,29,3,Life Sciences,Female,2,Laboratory Technician,Divorced,52940,2.0,15,0,17.0,3,1,0,3.0,1.0,2.0,2
1455,40,No,Travel_Rarely,Research & Development,2,3,Life Sciences,Male,1,Manufacturing Director,Divorced,27180,1.0,14,1,9.0,4,9,4,1.0,4.0,3.0,2
1456,45,No,Travel_Rarely,Research & Development,18,1,Life Sciences,Female,2,Sales Representative,Married,58110,0.0,14,0,25.0,4,24,1,3.0,4.0,3.0,2
1457,31,No,Travel_Frequently,Research & Development,7,4,Medical,Male,1,Research Scientist,Divorced,24370,9.0,14,1,9.0,3,2,2,2.0,3.0,3.0,4
1458,33,No,Travel_Rarely,Research & Development,2,4,Life Sciences,Female,1,Sales Executive,Married,27660,1.0,12,1,2.0,2,2,0,3.0,4.0,2.0,3
1459,34,No,Travel_Rarely,Research & Development,26,3,Other,Female,1,Sales Executive,Married,190380,6.0,13,0,13.0,3,11,5,4.0,1.0,3.0,2
1460,37,No,Travel_Rarely,Research & Development,22,5,Medical,Female,2,Manufacturing Director,Married,30550,2.0,14,3,17.0,3,3,0,3.0,1.0,2.0,3
1461,45,No,Travel_Frequently,Sales,21,1,Marketing,Male,3,Research Scientist,Married,22890,4.0,13,0,9.0,3,3,0,1.0,3.0,3.0,2
1462,37,Yes,Travel_Frequently,Sales,2,3,Marketing,Male,1,Laboratory Technician,Divorced,40010,6.0,11,1,17.0,2,1,0,1.0,3.0,3.0,3
1463,39,No,Travel_Frequently,Research & Development,22,3,Medical,Female,1,Manufacturing Director,Single,129650,0.0,19,1,20.0,2,19,11,3.0,3.0,3.0,3
1464,29,No,Travel_Rarely,Sales,4,3,Other,Female,2,Human Resources,Single,35390,1.0,18,0,6.0,2,6,1,3.0,4.0,3.0,2
1465,42,No,Travel_Rarely,Research & Development,5,4,Medical,Female,1,Research Scientist,Single,60290,3.0,17,1,10.0,5,3,0,4.0,1.0,3.0,3
1466,29,No,Travel_Rarely,Research & Development,2,4,Medical,Male,1,Laboratory Technician,Divorced,26790,2.0,15,0,10.0,2,3,0,4.0,4.0,3.0,2
1467,25,No,Travel_Rarely,Research & Development,25,2,Life Sciences,Male,2,Sales Executive,Married,37020,0.0,20,0,5.0,4,4,1,1.0,3.0,3.0,3
1468,42,No,Travel_Rarely,Sales,18,2,Medical,Male,1,Laboratory Technician,Divorced,23980,0.0,14,1,10.0,2,9,7,4.0,2.8,3.0,2
1469,40,No,Travel_Rarely,Research & Development,28,3,Medical,Male,2,Laboratory Technician,Divorced,54680,0.0,12,0,22.0,6,21,3,1.0,3.0,3.0,4
1470,51,No,Travel_Rarely,Sales,6,2,Life Sciences,Female,1,Healthcare Representative,Married,131160,1.0,11,0,1.0,6,1,0,3.0,4.0,2.2,3
1471,28,Yes,Travel_Rarely,Research & Development,11,2,Medical,Male,2,Sales Executive,Single,58130,2.0,20,1,5.0,2,0,0,2.0,3.0,1.0,3
1472,36,No,Travel_Rarely,Research & Development,28,1,Life Sciences,Male,1,Laboratory Technician,Married,33770,0.0,12,2,16.0,2,15,10,4.0,4.0,3.0,3
1473,42,No,Travel_Rarely,Research & Development,4,4,Life Sciences,Male,1,Manufacturing Director,Married,89260,1.0,14,0,20.0,4,20,11,2.0,3.0,3.0,1
1474,36,No,Travel_Frequently,Research & Development,8,3,Other,Female,3,Sales Executive,Married,69620,4.0,12,2,4.0,2,1,0,3.0,4.0,3.0,2
1475,36,No,Non-Travel,Research & Development,5,4,Life Sciences,Male,1,Sales Executive,Married,85780,7.0,21,0,19.8,4,9,0,2.0,2.0,3.0,3
1476,31,No,Travel_Rarely,Research & Development,20,1,Technical Degree,Female,3,Research Scientist,Married,99070,2.6,13,1,6.0,3,5,0,3.0,4.0,3.0,2
1477,31,No,Travel_Rarely,Sales,24,3,Life Sciences,Male,2,Healthcare Representative,Divorced,10810,4.0,11,3,13.0,4,7,1,4.0,4.0,2.6,4
1478,31,No,Travel_Rarely,Research & Development,6,3,Medical,Female,3,Manager,Single,81030,1.0,15,1,11.0,5,11,4,3.0,4.0,2.0,3
1479,31,No,Travel_Rarely,Research & Development,1,3,Life Sciences,Male,4,Human Resources,Single,28670,0.0,24,0,3.0,5,2,2,3.0,2.0,3.0,3
1480,27,No,Travel_Rarely,Sales,2,3,Life Sciences,Male,1,Sales Executive,Divorced,23670,1.0,12,1,5.0,2,5,0,4.0,2.0,3.0,3
1481,26,Yes,Travel_Frequently,Sales,14,3,Life Sciences,Male,2,Manager,Single,75100,0.0,18,3,7.0,3,6,0,3.0,1.0,3.0,3
1482,36,No,Travel_Rarely,Research & Development,1,3,Medical,Female,5,Healthcare Representative,Married,196360,1.0,12,1,10.0,3,10,9,2.0,3.0,3.0,3
1483,43,No,Travel_Frequently,Sales,14,3,Life Sciences,Female,1,Manufacturing Director,Married,37480,7.0,14,2,8.0,3,3,1,4.0,4.0,3.0,2
1484,35,No,Travel_Rarely,Research & Development,22,3,Medical,Female,1,Sales Representative,Married,29660,9.0,18,0,15.0,2,11,6,2.0,3.0,3.0,2
1485,26,Yes,Travel_Frequently,Research & Development,2,1,Life Sciences,Female,2,Laboratory Technician,Divorced,59930,0.0,12,0,8.0,3,7,1,2.0,3.0,2.0,3
1486,41,No,Travel_Rarely,Research & Development,24,1,Life Sciences,Male,1,Research Director,Married,26610,7.0,14,1,22.0,2,18,11,2.0,2.2,3.0,3
1487,52,No,Travel_Rarely,Sales,2,1,Medical,Male,1,Laboratory Technician,Divorced,99800,3.0,11,1,18.0,2,10,6,4.0,1.0,3.0,3
1488,33,No,Travel_Rarely,Sales,13,4,Marketing,Female,2,Manufacturing Director,Divorced,45680,3.8,18,1,6.0,2,5,1,3.0,3.0,3.0,3
1489,54,No,Travel_Rarely,Research & Development,5,2,Life Sciences,Female,2,Sales Executive,Married,40140,2.0,19,1,16.0,4,9,7,3.0,2.0,3.4,2
1490,32,No,Travel_Rarely,Sales,1,3,Medical,Male,2,Sales Executive,Single,136640,3.0,14,0,10.0,6,7,7,3.0,4.0,3.0,3
1491,32,No,Travel_Frequently,Sales,4,4,Life Sciences,Male,2,Sales Executive,Married,188440,1.0,19,0,10.0,3,10,4,1.0,4.0,3.0,1
1492,47,Yes,Travel_Frequently,Research & Development,4,3,Life Sciences,Male,1,Research Director,Single,27740,4.0,13,1,8.0,2,5,1,2.0,3.0,3.0,3
1493,26,No,Travel_Frequently,Research & Development,2,2,Life Sciences,Male,1,Manufacturing Director,Divorced,28350,3.0,11,1,5.0,2,2,2,1.0,4.0,3.0,3
1494,26,Yes,Travel_Rarely,Research & Development,15,2,Life Sciences,Male,2,Laboratory Technician,Single,26130,6.0,19,1,6.0,2,4,1,4.0,1.0,2.4,3
1495,32,No,Travel_Rarely,Research & Development,3,1,Medical,Male,2,Manufacturing Director,Married,171810,1.0,14,0,14.0,2,14,6,2.6,3.0,3.0,2
1496,40,No,Travel_Frequently,Sales,9,3,Marketing,Male,3,Manufacturing Director,Single,22380,6.0,14,0,10.0,3,1,0,1.0,3.0,3.0,3
1497,35,Yes,Travel_Frequently,Sales,8,2,Marketing,Female,1,Laboratory Technician,Divorced,36900,1.0,13,1,10.0,2,10,7,4.0,2.0,2.0,4
1498,21,Yes,Travel_Rarely,Research & Development,1,3,Medical,Male,2,Sales Executive,Single,104000,1.0,13,1,1.0,2,1,0,4.0,4.0,2.0,3
1499,29,No,Travel_Frequently,Research & Development,29,1,Life Sciences,Male,1,Sales Representative,Married,192020,1.0,12,0,3.0,5,3,0,3.0,3.2,3.0,3
1500,52,No,Travel_Rarely,Research & Development,5,4,Other,Male,1,Laboratory Technician,Married,29110,2.0,17,2,26.0,3,9,7,4.0,4.0,2.8,3
1501,22,No,Travel_Rarely,Research & Development,8,3,Other,Male,2,Sales Representative,Married,49070,1.0,21,1,4.0,2,4,1,2.0,1.0,2.0,3
1502,38,No,Travel_Rarely,Research & Development,24,2,Other,Female,1,Laboratory Technician,Single,23260,8.0,14,0,19.0,3,1,0,2.0,4.0,3.0,4
1503,38,No,Travel_Rarely,Research & Development,5,3,Technical Degree,Male,1,Sales Executive,Married,63490,2.6,11,0,20.0,3,19,1,3.0,3.0,2.0,3
1504,48,No,Non-Travel,Sales,2,1,Life Sciences,Male,2,Sales Executive,Single,23700,2.0,11,0,27.0,3,5,2,1.0,4.0,3.0,3
1505,37,No,Travel_Rarely,Research & Development,23,3,Life Sciences,Male,3,Manufacturing Director,Divorced,166590,7.0,16,1,9.0,2,6,1,3.0,4.0,3.0,3
1506,30,No,Travel_Rarely,Research & Development,7,2,Life Sciences,Female,1,Manufacturing Director,Married,34480,1.0,11,0,10.0,3,10,1,3.0,3.0,3.0,3
1507,29,No,Travel_Rarely,Research & Development,3,3,Technical Degree,Female,2,Healthcare Representative,Divorced,48050,3.0,16,1,9.0,2,7,1,4.0,4.0,2.0,3
1508,51,No,Travel_Frequently,Sales,21,4,Medical,Male,2,Research Scientist,Single,182000,0.0,17,0,8.0,3,7,7,2.0,3.0,2.4,3
1509,27,No,Travel_Rarely,Research & Development,2,3,Life Sciences,Female,2,Laboratory Technician,Married,48510,8.0,18,0,5.0,2,1,0,3.0,3.6,3.0,3
1510,25,No,Travel_Rarely,Research & Development,7,4,Life Sciences,Male,1,Sales Executive,Married,22160,2.0,13,3,6.0,2,3,1,1.0,3.0,2.0,2
1511,31,No,Travel_Rarely,Research & Development,1,3,Medical,Male,1,Laboratory Technician,Single,168560,3.0,12,1,9.0,3,3,1,1.0,2.0,2.6,3
1512,29,Yes,Travel_Frequently,Research & Development,28,3,Medical,Female,5,Research Scientist,Single,44340,5.0,17,3,7.0,1,5,0,1.0,2.0,1.0,3
1513,40,No,Non-Travel,Research & Development,7,3,Medical,Male,1,Research Scientist,Divorced,28000,3.0,12,2,8.0,0,2,2,4.0,4.0,3.2,2
1514,29,No,Travel_Rarely,Research & Development,23,4,Life Sciences,Female,2,Healthcare Representative,Married,45370,6.0,18,1,5.0,5,1,0,3.0,3.0,2.0,4
1515,34,No,Travel_Rarely,Research & Development,2,2,Life Sciences,Male,2,Research Scientist,Married,65860,9.0,18,1,9.0,3,2,2,2.0,4.0,2.0,3
1516,38,No,Travel_Rarely,Sales,14,2,Marketing,Female,1,Sales Executive,Married,41710,0.0,23,0,10.0,4,9,7,3.0,2.0,3.0,4
1517,18,Yes,Travel_Frequently,Research & Development,3,5,Medical,Male,1,Research Director,Single,24790,1.0,12,1,0.0,2,0,0,2.0,4.0,4.0,2
1518,39,No,Travel_Rarely,Sales,2,4,Life Sciences,Male,1,Laboratory Technician,Divorced,72640,0.0,17,0,6.4,5,10,0,3.0,3.0,3.0,3
1519,36,No,Non-Travel,Research & Development,8,4,Life Sciences,Male,4,Laboratory Technician,Married,103880,0.0,14,0,4.0,2,3,1,4.0,3.0,2.6,3
1520,32,No,Travel_Rarely,Research & Development,5,4,Technical Degree,Male,5,Research Scientist,Divorced,50030,0.0,13,0,10.0,5,9,1,4.0,2.0,2.0,3
1521,24,No,Travel_Frequently,Sales,3,4,Marketing,Male,1,Sales Executive,Married,45080,0.0,11,1,3.0,5,2,2,1.0,4.0,3.0,3
1522,55,No,Travel_Rarely,Research & Development,3,2,Life Sciences,Female,1,Sales Executive,Married,73510,8.0,20,1,34.0,3,1,0,3.0,2.6,3.0,3
1523,41,No,Travel_Rarely,Research & Development,5,3,Medical,Male,1,Sales Representative,Divorced,121690,1.0,19,0,5.0,2,5,0,3.0,1.0,3.4,3
1524,39,No,Travel_Rarely,Research & Development,2,3,Technical Degree,Male,3,Healthcare Representative,Divorced,102520,8.0,13,1,7.0,3,2,2,4.0,4.0,3.0,3
1525,27,No,Travel_Rarely,Research & Development,4,3,Technical Degree,Male,2,Manufacturing Director,Single,51710,0.0,20,1,9.0,1,8,0,1.0,3.0,2.0,2
1526,41,No,Travel_Rarely,Research & Development,5,3,Life Sciences,Female,1,Sales Executive,Married,66230,5.0,18,0,14.0,3,5,1,3.0,2.0,3.0,3
1527,26,No,Travel_Frequently,Sales,16,2,Life Sciences,Male,2,Healthcare Representative,Married,83800,0.0,14,0,8.0,3,7,7,3.0,4.0,3.0,4
1528,56,No,Travel_Rarely,Research & Development,4,3,Technical Degree,Female,2,Sales Executive,Married,198470,4.0,14,0,6.0,6,0,0,4.0,1.0,3.2,3
1529,36,No,Travel_Rarely,Research & Development,22,4,Life Sciences,Male,1,Healthcare Representative,Married,29500,4.0,14,0,8.0,1,6,0,2.0,4.0,2.0,2
1530,40,No,Travel_Rarely,Sales,10,4,Life Sciences,Male,1,Research Scientist,Single,93620,2.0,11,1,8.0,6,2,2,3.0,3.0,3.0,3
1531,31,No,Travel_Rarely,Research & Development,2,2,Medical,Male,2,Laboratory Technician,Divorced,39750,1.0,15,1,5.0,3,5,4,1.0,3.0,2.0,3
1532,28,Yes,Travel_Rarely,Research & Development,1,4,Life Sciences,Male,5,Research Director,Single,100960,3.8,13,0,6.0,2,4,0,3.0,3.0,3.0,3
1533,53,No,Travel_Rarely,Sales,2,1,Life Sciences,Male,5,Human Resources,Divorced,31620,4.0,15,0,26.0,4,14,4,3.0,3.0,2.0,3
1534,42,No,Travel_Rarely,Research & Development,10,3,Technical Degree,Male,2,Laboratory Technician,Married,66510,0.0,20,0,10.0,5,9,4,3.0,2.0,3.0,2
1535,46,No,Travel_Frequently,Research & Development,20,3,Technical Degree,Male,3,Sales Executive,Single,40350,4.0,14,1,14.0,2,9,0,1.0,4.0,3.0,3
1536,26,No,Travel_Rarely,Research & Development,4,4,Life Sciences,Female,3,Sales Executive,Married,47890,7.0,20,1,5.0,2,2,0,3.0,4.0,2.0,3
1537,37,Yes,Travel_Rarely,Human Resources,9,3,Human Resources,Male,2,Healthcare Representative,Divorced,54840,4.0,17,0,7.0,4,3,0,3.0,1.0,3.0,3
1538,34,Yes,Travel_Frequently,Human Resources,4,4,Life Sciences,Female,5,Sales Executive,Single,55620,1.0,15,0,9.0,3,9,0,1.0,3.0,3.0,3
1539,43,No,Non-Travel,Research & Development,6,2,Medical,Male,1,Healthcare Representative,Divorced,20280,4.0,20,1,7.0,2,5,2,4.0,3.6,4.0,2
1540,37,No,Travel_Rarely,Research & Development,7,3,Life Sciences,Female,1,Research Scientist,Married,29290,1.0,12,0,8.0,2,8,1,2.0,1.0,2.0,1
1541,30,Yes,Travel_Frequently,Sales,3,2,Medical,Male,2,Healthcare Representative,Single,28620,5.0,14,0,9.0,2,6,0,3.0,1.0,2.6,2
1542,40,No,Travel_Rarely,Research & Development,2,3,Life Sciences,Male,1,Manufacturing Director,Divorced,27180,1.0,14,1,9.0,4,9,4,2.6,4.0,3.0,2
1543,42,No,Travel_Rarely,Sales,18,2,Medical,Male,1,Laboratory Technician,Divorced,23980,0.0,14,1,10.0,2,9,7,4.0,1.0,3.0,2
1544,30,No,Travel_Rarely,Research & Development,3,3,Life Sciences,Female,2,Manager,Married,59680,1.0,13,0,1.0,3,1,0,3.0,2.0,3.0,3
1545,41,No,Travel_Rarely,Research & Development,7,3,Technical Degree,Female,3,Research Scientist,Married,27820,1.0,14,0,10.0,2,10,0,2.0,2.4,3.0,2
1546,34,No,Travel_Rarely,Sales,8,2,Life Sciences,Male,1,Laboratory Technician,Divorced,24390,3.0,11,2,14.0,2,7,5,2.6,3.0,3.0,4
1547,35,No,Travel_Rarely,Research & Development,12,2,Medical,Female,2,Sales Representative,Married,28090,4.0,23,1,14.4,2,8,0,4.0,3.0,3.0,1
1548,34,No,Travel_Rarely,Sales,2,3,Marketing,Male,1,Sales Representative,Single,103120,1.0,12,0,6.0,2,6,1,2.8,1.0,3.0,3
1549,34,No,Travel_Rarely,Sales,2,5,Life Sciences,Male,4,Research Scientist,Married,23230,0.0,17,0,4.0,2,3,0,3.0,3.2,1.0,3
1550,29,No,Travel_Rarely,Research & Development,5,4,Life Sciences,Female,4,Healthcare Representative,Divorced,66730,6.0,12,1,8.0,2,4,0,1.0,4.0,3.0,4
1551,39,No,Travel_Rarely,Sales,1,1,Marketing,Male,2,Research Scientist,Single,23400,0.0,11,1,9.0,2,8,0,1.8,3.0,3.0,2
1552,42,No,Travel_Rarely,Research & Development,23,4,Other,Male,1,Research Scientist,Married,23730,6.0,14,1,21.0,3,1,0,4.0,3.0,4.0,4
1553,56,No,Travel_Rarely,Research & Development,3,2,Other,Male,2,Healthcare Representative,Divorced,44490,5.0,15,0,28.0,3,5,4,4.0,1.0,3.0,1
1554,29,No,Travel_Rarely,Research & Development,26,1,Life Sciences,Male,1,Laboratory Technician,Married,22180,1.0,24,1,10.0,1,10,0,2.2,4.0,3.0,3
1555,50,No,Travel_Frequently,Research & Development,25,4,Life Sciences,Female,2,Healthcare Representative,Married,32020,2.0,24,1,32.0,2,2,2,4.0,1.0,3.0,3
1556,45,No,Travel_Frequently,Research & Development,19,3,Medical,Male,3,Laboratory Technician,Single,36810,3.0,17,1,22.0,2,0,0,2.0,2.0,3.0,3
1557,18,No,Non-Travel,Research & Development,1,4,Medical,Male,2,Sales Executive,Single,27200,1.0,22,1,0.0,2,0,0,4.0,4.0,3.0,3
1558,42,No,Travel_Rarely,Sales,23,3,Marketing,Female,3,Research Scientist,Married,26420,0.0,13,1,21.0,3,20,0,2.6,1.0,3.0,3
1559,40,No,Travel_Rarely,Sales,5,5,Life Sciences,Male,1,Manufacturing Director,Single,52310,1.0,12,2,21.0,4,21,7,3.0,2.4,3.0,3
1560,28,Yes,Travel_Rarely,Human Resources,1,3,Medical,Female,2,Laboratory Technician,Married,24130,1.0,16,1,12.2,2,1,0,3.0,2.0,3.0,3
1561,35,Yes,Travel_Rarely,Research & Development,9,3,Life Sciences,Male,2,Manager,Divorced,173990,6.0,12,0,7.0,3,2,2,1.0,4.0,2.0,1
1562,53,No,Travel_Rarely,Research & Development,24,3,Life Sciences,Male,4,Research Director,Married,133200,3.0,11,0,11.0,2,4,1,2.0,4.0,3.2,3
1563,41,No,Non-Travel,Sales,2,2,Medical,Male,2,Research Scientist,Married,107980,0.6,14,2,10.0,5,3,1,3.0,2.0,3.0,1
1564,45,No,Non-Travel,Sales,1,4,Technical Degree,Male,1,Research Scientist,Married,170480,4.0,15,0,10.0,3,8,5,2.0,3.0,4.0,2
1565,40,No,Travel_Rarely,Research & Development,3,3,Other,Male,1,Sales Executive,Divorced,68330,2.0,13,0,22.0,3,19,11,1.0,2.4,3.0,3
1566,52,No,Non-Travel,Research & Development,2,4,Other,Male,1,Manager,Divorced,46140,2.0,16,1,16.0,3,9,0,1.0,4.0,2.8,3
1567,45,No,Travel_Rarely,Research & Development,1,2,Medical,Female,1,Sales Executive,Divorced,70830,2.0,12,1,25.0,5,1,0,2.0,1.8,3.0,3
1568,36,No,Travel_Rarely,Research & Development,2,3,Life Sciences,Male,2,Sales Representative,Married,43200,1.8,17,0,5.0,2,1,0,2.0,4.0,3.0,3
1569,45,No,Travel_Rarely,Sales,1,4,Technical Degree,Male,1,Research Scientist,Divorced,25800,8.0,17,3,20.0,3,17,0,2.0,2.0,2.0,3
1570,31,No,Travel_Rarely,Sales,2,5,Life Sciences,Male,2,Sales Representative,Married,27280,8.0,11,0,7.0,3,4,0,3.4,4.0,3.0,4
1571,40,No,Travel_Rarely,Research & Development,2,3,Life Sciences,Male,1,Manufacturing Director,Divorced,27180,2.2,14,1,9.0,4,9,4,1.0,4.0,3.0,2
1572,40,No,Travel_Rarely,Research & Development,28,3,Medical,Male,2,Laboratory Technician,Divorced,54680,0.0,12,0,7.6,6,21,3,1.0,3.0,2.2,4
